0,0
0.0001,-385134.853872497
0.0002,-767075.169114381
0.0003,-1142652.90450746
0.0004,-1508752.79387304
0.0005,-1862338.18595121
0.0006,-2200476.23220111
0.0007,-2520362.21359937
0.0008,-2819342.80465571
0.0009,-3094938.08168022
0.001,-3344862.09275237
0.0011,-3567041.81877234
0.0012,-3759634.36832022
0.0013,-3921042.26369874
0.0014,-4049926.69136795
0.0015,-4145218.60686478
0.0016,-4206127.60209661
0.0017,-4232148.46145843
0.0018,-4223065.35239288
0.0019,-4178953.61563453
0.002,-4100179.14028877
0.0021,-3987395.32892892
0.0022,-3841537.67788485
0.0023,-3663816.01767732
0.0024,-3455704.47796072
0.0025,-3218929.26021076
0.0026,-2955454.31957787
0.0027,-2667465.07466956
0.0028,-2357350.28038247
0.0029,-2027682.21414181
0.003,-1681195.3398952
0.0031,-1320763.62683459
0.0032,-949376.710978381
0.0033,-570115.097343636
0.0034,-186124.608396653
0.0035,199409.709278508
0.0036,583290.003659738
0.0037,962332.142182556
0.0038,1333392.12283841
0.0039,1693392.15240613
0.004,2039346.17550821
0.0041,2368384.6427385
0.0042,2677778.31241982
0.0043,2964960.88856538
0.0044,3227550.30727131
0.0045,3463368.49497814
0.0046,3670459.43471452
0.0047,3847105.39047089
0.0048,3991841.15512842
0.0049,4103466.20376244
0.005,4181054.6515136
0.0051,4223962.93343022
0.0052,4231835.14258053
0.0053,4204605.98215748
0.0054,4142501.30708949
0.0055,4046036.25066468
0.0056,3916010.95170756
0.0057,3753503.91774944
0.0058,3559863.0792425
0.0059,3336694.60901907
0.006,3085849.59973434
0.0061,2809408.7097977
0.0062,2509664.90514848
0.0063,2189104.44002625
0.0064,1850386.23449234
0.0065,1496319.81975791
0.0066,1129842.03425321
0.0067,753992.663734535
0.0068,371889.227484649
0.0069,-13298.8802551429
0.007,-398376.679134822
0.0071,-780150.103771986
0.0072,-1155452.49723886
0.0073,-1521170.8772072
0.0074,-1874271.75688404
0.0075,-2211826.30656393
0.0076,-2531034.64709271
0.0077,-2829249.07373845
0.0078,-3103996.01783671
0.0079,-3352996.5640472
0.008,-3574185.3530395
0.0081,-3765727.7128176
0.0082,-3926034.87658577
0.0083,-4053777.16092981
0.0084,-4147894.99500591
0.0085,-4207607.7092544
0.0086,-4232420.01073961
0.0087,-4222126.09140543
0.0088,-4176811.33517038
0.0089,-4096851.6097023
0.009,-3982910.14874731
0.0091,-3835932.05087281
0.0092,-3657136.44025517
0.0093,-3448006.35453523
0.0094,-3210276.44361795
0.0095,-2945918.5814494
0.0096,-2657125.5101159
0.0097,-2346292.65193087
0.0098,-2015998.24037057
0.0099,-1668981.93466498
0.01,-1308122.095427
0.0101,-936411.909809341
0.0102,-556934.564221684
0.0103,-172837.670540053
0.0104,212692.842067037
0.0105,596459.153138986
0.0106,975278.075556996
0.0107,1346007.45880028
0.0108,1705572.25182017
0.0109,2050990.00935118
0.011,2379395.63009427
0.0111,2688065.1215792
0.0112,2974438.19458592
0.0113,3236139.49971334
0.0114,3470998.32994672
0.0115,3677066.62579893
0.0116,3852635.13367988
0.0117,3996247.58346729
0.0118,4106712.76768131
0.0119,4183114.42207123
0.012,4224818.82565869
0.0121,4231480.05719823
0.0122,4203042.86445477
0.0123,4139743.12249869
0.0124,4042105.87721706
0.0125,3910940.99026924
0.0126,3747336.42161035
0.0127,3552649.20530124
0.0128,3328494.19345706
0.0129,3076730.66169872
0.013,2799446.88720992
0.0131,2498942.82731818
0.0132,2177711.04227435
0.0133,1838416.02046835
0.0134,1483872.07757025
0.0135,1117020.01291423
0.0136,740902.7167515
0.0137,358639.930700266
0.0138,-26597.6292557067
0.0139,-411614.572580158
0.014,-793217.338663029
0.0141,-1168240.68612057
0.0142,-1533573.94719892
0.0143,-1886186.82951131
0.0144,-2223154.55109405
0.0145,-2541682.10029591
0.0146,-2839127.41927506
0.0147,-3113023.31880563
0.0148,-3361097.94261959
0.0149,-3581293.61154018
0.015,-3771783.89110275
0.0151,-3930988.74109357
0.0152,-4057587.62134766
0.0153,-4150530.44509801
0.0154,-4209046.28902277
0.0155,-4232649.78774397
0.0156,-4221145.15973801
0.0157,-4174627.83126461
0.0158,-4093483.6448444
0.0159,-3978385.65885049
0.016,-3830288.56476006
0.0161,-3650420.76837279
0.0162,-3440274.20067905
0.0163,-3201591.94289268
0.0164,-2936353.76829383
0.0165,-2646759.72080619
0.0166,-2335211.86651804
0.0167,-2004294.36951058
0.0168,-1656752.05725687
0.0169,-1295467.65338243
0.017,-923437.866632802
0.0171,-543748.534380432
0.0172,-159549.026845433
0.0173,225973.875663073
0.0174,609622.4158072
0.0175,988214.383330574
0.0176,1358609.51021194
0.0177,1717735.51792465
0.0178,2062613.60075077
0.0179,2390383.13377576
0.018,2698325.40062106
0.0181,2983886.14410231
0.0182,3244696.75276498
0.0183,3478593.90756309
0.0184,3683637.52572023
0.0185,3858126.85293546
0.0186,4000614.57045586
0.0187,4109918.80000311
0.0188,4185132.90697829
0.0189,4225633.02063098
0.019,4231083.20881608
0.0191,4201438.26441582
0.0192,4136944.08031456
0.0193,4038135.6098163
0.0194,3905832.42942226
0.0195,3741131.94077364
0.0196,3545400.2681466
0.0197,3320260.92700112
0.0198,3067581.3575736
0.0199,2789457.43521156
0.02,2488196.08593104
0.0201,2166296.15139363
0.0202,1826427.66202045
0.0203,1471409.69016424
0.0204,1104186.96703865
0.0205,727805.457357758
0.0206,345387.094284548
0.0207,-39896.1157483888
0.0208,-424848.403555833
0.0209,-806276.744819171
0.021,-1181017.34493836
0.0211,-1545961.88143491
0.0212,-1898083.28623605
0.0213,-2234460.85398627
0.0214,-2552304.46812291
0.0215,-2848977.74377024
0.0216,-3122019.89549118
0.0217,-3369166.14851222
0.0218,-3588366.52411875
0.0219,-3777802.84340362
0.022,-3935903.8083295
0.0221,-4061358.0350138
0.0222,-4153124.93113026
0.0223,-4210443.32720354
0.0224,-4232837.79020372
0.0225,-4220122.567072
0.0226,-4172403.1254675
0.0227,-4090075.27895554
0.0228,-3973821.90389336
0.0229,-3824607.27524552
0.023,-3643669.06831117
0.0231,-3432508.09270539
0.0232,-3192875.84374748
0.0233,-2926759.97451204
0.0234,-2636367.80904659
0.0235,-2324108.03350684
0.0236,-1992570.71707434
0.0237,-1644505.82837481
0.0238,-1282800.42559513
0.0239,-910454.709497327
0.024,-530557.137960666
0.0241,-146258.808466316
0.0242,239252.678988216
0.0243,622779.66174827
0.0244,1001140.93782713
0.0245,1371198.15269622
0.0246,1729881.83067304
0.0247,2074216.83498682
0.0248,2401347.04534077
0.0249,2708559.04828056
0.025,2993304.64386711
0.0251,3253221.98196962
0.0252,3486155.15286196
0.0253,3690172.0696263
0.0254,3863580.4940366
0.0255,4004942.07299373
0.0256,4113084.2690856
0.0257,4187110.08631318
0.0258,4226405.51031131
0.0259,4230644.60135082
0.026,4199792.19787739
0.0261,4134104.20816251
0.0262,4034125.48764733
0.0263,3900685.31958605
0.0264,3734890.53647503
0.0265,3538116.33932263
0.0266,3311994.89091027
0.0267,3058401.7776589
0.0268,2779440.45239445
0.0269,2477424.78705306
0.027,2154859.88004448
0.0271,1814421.27746889
0.0272,1458932.78053864
0.0273,1091343.02328351
0.0274,714701.014817994
0.0275,332130.849037663
0.0276,-53194.2084825528
0.0277,-438078.041449292
0.0278,-819328.193349356
0.0279,-1193782.34759175
0.028,-1558334.55765127
0.0281,-1909961.00964506
0.0282,-2245745.10365196
0.0283,-2562901.64573519
0.0284,-2858799.95000525
0.0285,-3130985.65910077
0.0286,-3377201.10209515
0.0287,-3595404.0209684
0.0288,-3783784.51031559
0.0289,-3940780.02978383
0.029,-4065088.36471578
0.0291,-4155678.42749612
0.0292,-4211798.81000849
0.0293,-4232984.01626335
0.0294,-4219058.32349999
0.0295,-4170137.23973601
0.0296,-4086626.54567491
0.0297,-3969218.92891833
0.0298,-3818888.23840124
0.0299,-3636881.40670684
0.03,-3424708.10726261
0.0301,-3184128.2322067
0.0302,-2917137.29479086
0.0303,-2625949.87740104
0.0304,-2312981.26248763
0.0305,-1980827.39876953
0.0306,-1632243.36888415
0.0307,-1270120.53708552
0.0308,-897462.566541443
0.0309,-517360.505156151
0.031,-132967.146571821
0.0311,252529.120985977
0.0312,635930.76110552
0.0313,1014057.61146683
0.0314,1383773.26200833
0.0315,1742011.07018616
0.0316,2085799.59754014
0.0317,2412287.25657989
0.0318,2718765.96355575
0.0319,3002693.60092352
0.032,3261715.10318667
0.0321,3493681.99121689
0.0322,3696670.19302381
0.0323,3868996.00315805
0.0324,4009230.04837019
0.0325,4116209.14368687
0.0326,4189045.94056191
0.0327,4227136.28707552
0.0328,4230164.23913133
0.0329,4198104.6810855
0.033,4131223.53407093
0.0331,4030075.55028844
0.0332,3895499.71156051
0.0333,3728612.27031466
0.0334,3530797.49071881
0.0335,3303696.16676697
0.0336,3049192.01255339
0.0337,2769396.03762219
0.0338,2466629.03699258
0.0339,2143402.34109825
0.034,1802396.98531182
0.0341,1446441.47183549
0.0342,1078488.30841331
0.0343,701589.518467735
0.0344,318871.325793384
0.0345,-66491.7762113244
0.0346,-451303.35568931
0.0347,-832371.555441034
0.0348,-1206535.56809532
0.0349,-1570691.85373465
0.035,-1921819.88250998
0.0351,-2257007.18872011
0.0352,-2573473.52854293
0.0353,-2868593.94103893
0.0354,-3139920.52114594
0.0355,-3385202.72406665
0.0356,-3602406.03263189
0.0357,-3789728.83280202
0.0358,-3945617.35733022
0.0359,-4068778.57363673
0.036,-4158190.90899362
0.0361,-4213112.72405955
0.0362,-4233088.46447966
0.0363,-4217952.43952562
0.0364,-4167830.19643352
0.0365,-4083137.4790401
0.0366,-3964576.77935492
0.0367,-3813131.51067179
0.0368,-3630057.85055132
0.0369,-3416874.32133344
0.037,-3175349.19460576
0.0371,-2907485.8241023
0.0372,-2615506.02869033
0.0373,-2301831.66327716
0.0374,-1969064.53049801
0.0375,-1619964.7998104
0.0376,-1257428.11299896
0.0377,-884461.565992317
0.0378,-504158.766212301
0.0379,-119674.172345241
0.038,265803.070623265
0.0381,649075.584082893
0.0382,1026964.2767673
0.0383,1396334.71403697
0.0384,1754123.1167533
0.0385,2097361.77409347
0.0386,2423203.65951769
0.0387,2728946.04570848
0.0388,3012052.9226063
0.0389,3270176.03259246
0.039,3501174.348341
0.0391,3703131.83177894
0.0392,3874373.32685091
0.0393,4013478.45426468
0.0394,4119293.39296568
0.0395,4190940.4506184
0.0396,4227825.34371115
0.0397,4229642.12689858
0.0398,4196375.73069524
0.0399,4128302.0864709
0.04,4025985.83771087
0.0401,3890275.65652548
0.0402,3722297.20425649
0.0403,3523443.79456917
0.0404,3295364.83647623
0.0405,3039952.15315373
0.0406,2759324.29002907
0.0407,2455808.94229935
0.0408,2131923.64763623
0.0409,1790354.90422418
0.041,1433935.88733894
0.0411,1065622.94929892
0.0412,688471.097712172
0.0413,305608.655417838
0.0414,-79788.6876930935
0.0415,-464524.215747437
0.0416,-845406.702361516
0.0417,-1219276.8805799
0.0418,-1583033.64772357
0.0419,-1933659.7877885
0.042,-2268246.99803851
0.0421,-2584020.0122059
0.0422,-2878359.62020847
0.0423,-3148824.3934432
0.0424,-3393170.93545389
0.0425,-3609372.49000219
0.0426,-3795635.75219483
0.0427,-3950415.74322621
0.0428,-4072428.6253558
0.0429,-4160662.35082557
0.043,-4214385.05638893
0.0431,-4233151.1338218
0.0432,-4216804.92606354
0.0433,-4165482.01832961
0.0434,-4079608.11348681
0.0435,-3959895.50101924
0.0436,-3807337.14887375
0.0437,-3623198.46719031
0.0438,-3409006.81223415
0.0439,-3166538.81759023
0.044,-2897805.65770244
0.0441,-2605036.36599108
0.0442,-2290659.34591745
0.0443,-1957282.22835453
0.0444,-1607670.24233806
0.0445,-1244723.27860458
0.0446,-871451.836164651
0.0447,-490952.051424966
0.0448,-106380.016982939
0.0449,279074.396891569
0.045,662214.000946293
0.0451,1039860.80634492
0.0452,1408882.38480572
0.0453,1766217.85083341
0.0454,2108903.25053285
0.0455,2434096.14641363
0.0456,2739099.19426546
0.0457,3021382.51654279
0.0458,3278604.68668104
0.0459,3508632.15028781
0.046,3709556.9221179
0.0461,3879712.41204322
0.0462,4017687.24874713
0.0463,4122336.98648171
0.0464,4192793.59778459
0.0465,4228472.67341747
0.0466,4229078.26980561
0.0467,4194605.36377067
0.0468,4125339.89419596
0.0469,4021856.39027844
0.047,3885013.2060403
0.0471,3715945.40062765
0.0472,3516055.32345178
0.0473,3287000.98226498
0.0474,3030682.29065359
0.0475,2749225.30901923
0.0476,2444964.6097633
0.0477,2120423.91294854
0.0478,1778295.15305641
0.0479,1421416.15047409
0.048,1052747.07291622
0.0481,675345.882024821
0.0482,292342.968808243
0.0483,-93084.8116927873
0.0484,-477740.491139119
0.0485,-858433.505459151
0.0486,-1232006.15929395
0.0487,-1595359.81780948
0.0488,-1945480.6086256
0.0489,-2279464.42067474
0.049,-2594540.99263453
0.0491,-2888096.89113063
0.0492,-3157697.18811491
0.0493,-3401105.6576139
0.0494,-3616303.32432316
0.0495,-3801505.21019514
0.0496,-3955175.14011366
0.0497,-4076038.48384844
0.0498,-4163092.72859985
0.0499,-4215615.79443922
0.05,-4233172.02367124
0.0501,-4215615.79443922
0.0502,-4163092.72859985
0.0503,-4076038.48384844
0.0504,-3955175.14011366
0.0505,-3801505.21019514
0.0506,-3616303.32432318
0.0507,-3401105.6576139
0.0508,-3157697.18811491
0.0509,-2888096.89113063
0.051,-2594540.99263453
0.0511,-2279464.42067476
0.0512,-1945480.60862562
0.0513,-1595359.81780948
0.0514,-1232006.15929397
0.0515,-858433.505459151
0.0516,-477740.491139119
0.0517,-93084.8116927873
0.0518,292342.968808243
0.0519,675345.882024821
0.052,1052747.07291622
0.0521,1421416.15047409
0.0522,1778295.15305641
0.0523,2120423.91294851
0.0524,2444964.6097633
0.0525,2749225.30901923
0.0526,3030682.29065359
0.0527,3287000.98226498
0.0528,3516055.32345176
0.0529,3715945.40062765
0.053,3885013.2060403
0.0531,4021856.39027844
0.0532,4125339.89419596
0.0533,4194605.36377067
0.0534,4229078.26980561
0.0535,4228472.67341747
0.0536,4192793.59778459
0.0537,4122336.98648172
0.0538,4017687.24874714
0.0539,3879712.41204322
0.054,3709556.92211792
0.0541,3508632.15028781
0.0542,3278604.68668104
0.0543,3021382.51654279
0.0544,2739099.19426546
0.0545,2434096.14641365
0.0546,2108903.25053285
0.0547,1766217.85083341
0.0548,1408882.38480572
0.0549,1039860.80634492
0.055,662214.000946293
0.0551,279074.396891569
0.0552,-106380.016982939
0.0553,-490952.051424966
0.0554,-871451.836164651
0.0555,-1244723.27860458
0.0556,-1607670.24233806
0.0557,-1957282.22835451
0.0558,-2290659.34591745
0.0559,-2605036.36599108
0.056,-2897805.65770244
0.0561,-3166538.81759021
0.0562,-3409006.81223415
0.0563,-3623198.4671903
0.0564,-3807337.14887375
0.0565,-3959895.50101924
0.0566,-4079608.11348681
0.0567,-4165482.01832961
0.0568,-4216804.92606354
0.0569,-4233151.1338218
0.057,-4214385.05638893
0.0571,-4160662.35082557
0.0572,-4072428.6253558
0.0573,-3950415.74322621
0.0574,-3795635.75219484
0.0575,-3609372.49000219
0.0576,-3393170.93545389
0.0577,-3148824.3934432
0.0578,-2878359.62020847
0.0579,-2584020.0122059
0.058,-2268246.99803851
0.0581,-1933659.7877885
0.0582,-1583033.64772357
0.0583,-1219276.8805799
0.0584,-845406.702361516
0.0585,-464524.215747437
0.0586,-79788.6876931236
0.0587,305608.655417808
0.0588,688471.097712172
0.0589,1065622.94929889
0.059,1433935.88733894
0.0591,1790354.90422415
0.0592,2131923.64763623
0.0593,2455808.94229935
0.0594,2759324.29002907
0.0595,3039952.15315373
0.0596,3295364.83647623
0.0597,3523443.79456917
0.0598,3722297.20425649
0.0599,3890275.65652548
0.06,4025985.83771087
0.0601,4128302.0864709
0.0602,4196375.73069524
0.0603,4229642.12689858
0.0604,4227825.34371115
0.0605,4190940.4506184
0.0606,4119293.39296568
0.0607,4013478.45426468
0.0608,3874373.32685093
0.0609,3703131.83177894
0.061,3501174.348341
0.0611,3270176.03259246
0.0612,3012052.92260632
0.0613,2728946.0457085
0.0614,2423203.65951769
0.0615,2097361.77409347
0.0616,1754123.1167533
0.0617,1396334.71403697
0.0618,1026964.2767673
0.0619,649075.584082893
0.062,265803.070623295
0.0621,-119674.172345241
0.0622,-504158.766212301
0.0623,-884461.565992317
0.0624,-1257428.11299896
0.0625,-1619964.79981037
0.0626,-1969064.53049801
0.0627,-2301831.66327716
0.0628,-2615506.02869036
0.0629,-2907485.82410228
0.063,-3175349.19460576
0.0631,-3416874.32133344
0.0632,-3630057.85055132
0.0633,-3813131.5106718
0.0634,-3964576.77935491
0.0635,-4083137.4790401
0.0636,-4167830.19643352
0.0637,-4217952.43952562
0.0638,-4233088.46447966
0.0639,-4213112.72405955
0.064,-4158190.90899362
0.0641,-4068778.57363673
0.0642,-3945617.35733022
0.0643,-3789728.832802
0.0644,-3602406.0326319
0.0645,-3385202.72406665
0.0646,-3139920.52114594
0.0647,-2868593.94103891
0.0648,-2573473.52854296
0.0649,-2257007.18872013
0.065,-1921819.88250998
0.0651,-1570691.85373465
0.0652,-1206535.56809529
0.0653,-832371.555441063
0.0654,-451303.35568934
0.0655,-66491.7762113244
0.0656,318871.325793384
0.0657,701589.518467765
0.0658,1078488.3084133
0.0659,1446441.47183548
0.066,1802396.98531183
0.0661,2143402.34109824
0.0662,2466629.03699259
0.0663,2769396.03762218
0.0664,3049192.01255338
0.0665,3303696.16676696
0.0666,3530797.4907188
0.0667,3728612.27031466
0.0668,3895499.71156049
0.0669,4030075.55028843
0.067,4131223.53407093
0.0671,4198104.6810855
0.0672,4230164.23913133
0.0673,4227136.28707552
0.0674,4189045.94056191
0.0675,4116209.14368687
0.0676,4009230.04837019
0.0677,3868996.00315804
0.0678,3696670.19302383
0.0679,3493681.99121689
0.068,3261715.10318667
0.0681,3002693.6009235
0.0682,2718765.96355576
0.0683,2412287.2565799
0.0684,2085799.59754013
0.0685,1742011.07018614
0.0686,1383773.26200831
0.0687,1014057.61146684
0.0688,635930.761105549
0.0689,252529.120985992
0.069,-132967.146571806
0.0691,-517360.505156151
0.0692,-897462.566541399
0.0693,-1270120.53708549
0.0694,-1632243.36888413
0.0695,-1980827.39876954
0.0696,-2312981.26248764
0.0697,-2625949.87740101
0.0698,-2917137.29479085
0.0699,-3184128.2322067
0.07,-3424708.10726262
0.0701,-3636881.40670686
0.0702,-3818888.23840123
0.0703,-3969218.92891833
0.0704,-4086626.54567491
0.0705,-4170137.23973602
0.0706,-4219058.32349999
0.0707,-4232984.01626335
0.0708,-4211798.81000849
0.0709,-4155678.42749612
0.071,-4065088.36471577
0.0711,-3940780.02978384
0.0712,-3783784.51031559
0.0713,-3595404.0209684
0.0714,-3377201.10209514
0.0715,-3130985.65910075
0.0716,-2858799.95000526
0.0717,-2562901.64573519
0.0718,-2245745.10365195
0.0719,-1909961.00964503
0.072,-1558334.55765123
0.0721,-1193782.34759175
0.0722,-819328.193349341
0.0723,-438078.041449262
0.0724,-53194.2084825678
0.0725,332130.849037648
0.0726,714701.014817935
0.0727,1091343.02328347
0.0728,1458932.78053861
0.0729,1814421.27746887
0.073,2154859.88004447
0.0731,2477424.78705301
0.0732,2779440.45239442
0.0733,3058401.77765889
0.0734,3311994.89091027
0.0735,3538116.33932264
0.0736,3734890.53647501
0.0737,3900685.31958604
0.0738,4034125.48764732
0.0739,4134104.20816251
0.074,4199792.19787739
0.0741,4230644.60135082
0.0742,4226405.51031131
0.0743,4187110.08631318
0.0744,4113084.2690856
0.0745,4004942.07299374
0.0746,3863580.49403661
0.0747,3690172.0696263
0.0748,3486155.15286196
0.0749,3253221.98196961
0.075,2993304.64386713
0.0751,2708559.04828057
0.0752,2401347.04534077
0.0753,2074216.83498682
0.0754,1729881.83067303
0.0755,1371198.15269624
0.0756,1001140.93782715
0.0757,622779.66174827
0.0758,239252.678988186
0.0759,-146258.808466346
0.076,-530557.137960651
0.0761,-910454.709497327
0.0762,-1282800.42559514
0.0763,-1644505.82837484
0.0764,-1992570.71707436
0.0765,-2324108.03350683
0.0766,-2636367.80904659
0.0767,-2926759.97451205
0.0768,-3192875.8437475
0.0769,-3432508.09270542
0.077,-3643669.06831117
0.0771,-3824607.27524553
0.0772,-3973821.90389337
0.0773,-4090075.27895554
0.0774,-4172403.1254675
0.0775,-4220122.567072
0.0776,-4232837.79020372
0.0777,-4210443.32720354
0.0778,-4153124.93113026
0.0779,-4061358.03501382
0.078,-3935903.80832952
0.0781,-3777802.84340363
0.0782,-3588366.52411876
0.0783,-3369166.14851222
0.0784,-3122019.89549122
0.0785,-2848977.74377026
0.0786,-2552304.46812292
0.0787,-2234460.85398628
0.0788,-1898083.28623605
0.0789,-1545961.88143495
0.079,-1181017.34493839
0.0791,-806276.744819186
0.0792,-424848.403555833
0.0793,-39896.1157483888
0.0794,345387.094284518
0.0795,727805.457357743
0.0796,1104186.96703865
0.0797,1471409.69016426
0.0798,1826427.66202047
0.0799,2166296.15139361
0.08,2488196.08593103
0.0801,2789457.43521156
0.0802,3067581.35757361
0.0803,3320260.92700114
0.0804,3545400.26814659
0.0805,3741131.94077364
0.0806,3905832.42942226
0.0807,4038135.6098163
0.0808,4136944.08031457
0.0809,4201438.26441582
0.081,4231083.20881608
0.0811,4225633.02063098
0.0812,4185132.90697829
0.0813,4109918.80000312
0.0814,4000614.57045586
0.0815,3858126.85293546
0.0816,3683637.52572022
0.0817,3478593.90756307
0.0818,3244696.75276499
0.0819,2983886.14410231
0.082,2698325.40062104
0.0821,2390383.13377574
0.0822,2062613.60075078
0.0823,1717735.51792465
0.0824,1358609.51021192
0.0825,988214.383330603
0.0826,609622.415807215
0.0827,225973.875663088
0.0828,-159549.026845373
0.0829,-543748.534380395
0.083,-923437.86663278
0.0831,-1295467.65338242
0.0832,-1656752.05725687
0.0833,-2004294.36951054
0.0834,-2335211.86651801
0.0835,-2646759.72080618
0.0836,-2936353.76829383
0.0837,-3201591.94289269
0.0838,-3440274.20067902
0.0839,-3650420.76837278
0.084,-3830288.56476006
0.0841,-3978385.65885049
0.0842,-4093483.64484441
0.0843,-4174627.8312646
0.0844,-4221145.15973801
0.0845,-4232649.78774397
0.0846,-4209046.28902277
0.0847,-4150530.44509802
0.0848,-4057587.62134767
0.0849,-3930988.74109357
0.085,-3771783.89110274
0.0851,-3581293.61154017
0.0852,-3361097.9426196
0.0853,-3113023.31880564
0.0854,-2839127.41927506
0.0855,-2541682.1002959
0.0856,-2223154.55109403
0.0857,-1886186.82951133
0.0858,-1533573.94719893
0.0859,-1168240.68612057
0.086,-793217.338663007
0.0861,-411614.57258012
0.0862,-26597.6292557142
0.0863,358639.930700266
0.0864,740902.716751515
0.0865,1117020.01291425
0.0866,1483872.07757029
0.0867,1838416.02046835
0.0868,2177711.04227436
0.0869,2498942.8273182
0.087,2799446.88720995
0.0871,3076730.66169871
0.0872,3328494.19345706
0.0873,3552649.20530126
0.0874,3747336.42161034
0.0875,3910940.99026923
0.0876,4042105.87721706
0.0877,4139743.12249868
0.0878,4203042.86445476
0.0879,4231480.05719823
0.088,4224818.82565869
0.0881,4183114.42207123
0.0882,4106712.76768132
0.0883,3996247.5834673
0.0884,3852635.13367988
0.0885,3677066.62579893
0.0886,3470998.32994675
0.0887,3236139.49971336
0.0888,2974438.19458594
0.0889,2688065.12157921
0.089,2379395.63009426
0.0891,2050990.00935121
0.0892,1705572.25182019
0.0893,1346007.45880029
0.0894,975278.075556996
0.0895,596459.153138971
0.0896,212692.842067067
0.0897,-172837.670540038
0.0898,-556934.564221684
0.0899,-936411.909809355
0.09,-1308122.09542702
0.0901,-1668981.93466496
0.0902,-2015998.24037056
0.0903,-2346292.65193087
0.0904,-2657125.51011592
0.0905,-2945918.58144942
0.0906,-3210276.44361794
0.0907,-3448006.35453523
0.0908,-3657136.44025517
0.0909,-3835932.05087282
0.091,-3982910.1487473
0.0911,-4096851.6097023
0.0912,-4176811.33517039
0.0913,-4222126.09140544
0.0914,-4232420.0107396
0.0915,-4207607.7092544
0.0916,-4147894.99500591
0.0917,-4053777.1609298
0.0918,-3926034.87658576
0.0919,-3765727.71281758
0.092,-3574185.3530395
0.0921,-3352996.56404719
0.0922,-3103996.01783669
0.0923,-2829249.07373847
0.0924,-2531034.64709272
0.0925,-2211826.30656393
0.0926,-1874271.75688408
0.0927,-1521170.87720723
0.0928,-1155452.49723887
0.0929,-780150.10377199
0.093,-398376.679134871
0.0931,-13298.8802551768
0.0932,371889.227484627
0.0933,753992.663734528
0.0934,1129842.03425322
0.0935,1496319.81975787
0.0936,1850386.23449231
0.0937,2189104.44002624
0.0938,2509664.90514848
0.0939,2809408.70979771
0.094,3085849.59973432
0.0941,3336694.60901906
0.0942,3559863.0792425
0.0943,3753503.91774945
0.0944,3916010.95170754
0.0945,4046036.25066467
0.0946,4142501.30708949
0.0947,4204605.98215748
0.0948,4231835.14258053
0.0949,4223962.93343022
0.095,4181054.65151361
0.0951,4103466.20376244
0.0952,3991841.15512842
0.0953,3847105.39047088
0.0954,3670459.43471453
0.0955,3463368.49497814
0.0956,3227550.30727131
0.0957,2964960.88856537
0.0958,2677778.3124198
0.0959,2368384.64273852
0.096,2039346.17550821
0.0961,1693392.15240612
0.0962,1333392.12283838
0.0963,962332.142182519
0.0964,583290.003659745
0.0965,199409.709278502
0.0966,-186124.608396672
0.0967,-570115.097343667
0.0968,-949376.710978425
0.0969,-1320763.62683459
0.097,-1681195.33989521
0.0971,-2027682.21414183
0.0972,-2357350.28038245
0.0973,-2667465.07466955
0.0974,-2955454.31957788
0.0975,-3218929.26021074
0.0976,-3455704.47796071
0.0977,-3663816.01767731
0.0978,-3841537.67788482
0.0979,-3987395.32892891
0.098,-4100179.14028876
0.0981,-4178953.61563453
0.0982,-4223065.35239288
0.0983,-4232148.46145843
0.0984,-4206127.60209662
0.0985,-4145218.60686478
0.0986,-4049926.69136796
0.0987,-3921042.26369874
0.0988,-3759634.36832024
0.0989,-3567041.81877236
0.099,-3344862.09275238
0.0991,-3094938.08168022
0.0992,-2819342.8046557
0.0993,-2520362.2135994
0.0994,-2200476.23220113
0.0995,-1862338.18595122
0.0996,-1508752.79387303
0.0997,-1142652.90450745
0.0998,-767075.169114407
0.0999,-385134.85387251
0.1,0
0.1001,0
0.1002,0
0.1003,0
0.1004,0
0.1005,0
0.1006,0
0.1007,0
0.1008,0
0.1009,0
0.101,0
0.1011,0
0.1012,0
0.1013,0
0.1014,0
0.1015,0
0.1016,0
0.1017,0
0.1018,0
0.1019,0
0.102,0
0.1021,0
0.1022,0
0.1023,0
0.1024,0
0.1025,0
0.1026,0
0.1027,0
0.1028,0
0.1029,0
0.103,0
0.1031,0
0.1032,0
0.1033,0
0.1034,0
0.1035,0
0.1036,0
0.1037,0
0.1038,0
0.1039,0
0.104,0
0.1041,0
0.1042,0
0.1043,0
0.1044,0
0.1045,0
0.1046,0
0.1047,0
0.1048,0
0.1049,0
0.105,0
0.1051,0
0.1052,0
0.1053,0
0.1054,0
0.1055,0
0.1056,0
0.1057,0
0.1058,0
0.1059,0
0.106,0
0.1061,0
0.1062,0
0.1063,0
0.1064,0
0.1065,0
0.1066,0
0.1067,0
0.1068,0
0.1069,0
0.107,0
0.1071,0
0.1072,0
0.1073,0
0.1074,0
0.1075,0
0.1076,0
0.1077,0
0.1078,0
0.1079,0
0.108,0
0.1081,0
0.1082,0
0.1083,0
0.1084,0
0.1085,0
0.1086,0
0.1087,0
0.1088,0
0.1089,0
0.109,0
0.1091,0
0.1092,0
0.1093,0
0.1094,0
0.1095,0
0.1096,0
0.1097,0
0.1098,0
0.1099,0
0.11,0
0.1101,0
0.1102,0
0.1103,0
0.1104,0
0.1105,0
0.1106,0
0.1107,0
0.1108,0
0.1109,0
0.111,0
0.1111,0
0.1112,0
0.1113,0
0.1114,0
0.1115,0
0.1116,0
0.1117,0
0.1118,0
0.1119,0
0.112,0
0.1121,0
0.1122,0
0.1123,0
0.1124,0
0.1125,0
0.1126,0
0.1127,0
0.1128,0
0.1129,0
0.113,0
0.1131,0
0.1132,0
0.1133,0
0.1134,0
0.1135,0
0.1136,0
0.1137,0
0.1138,0
0.1139,0
0.114,0
0.1141,0
0.1142,0
0.1143,0
0.1144,0
0.1145,0
0.1146,0
0.1147,0
0.1148,0
0.1149,0
0.115,0
0.1151,0
0.1152,0
0.1153,0
0.1154,0
0.1155,0
0.1156,0
0.1157,0
0.1158,0
0.1159,0
0.116,0
0.1161,0
0.1162,0
0.1163,0
0.1164,0
0.1165,0
0.1166,0
0.1167,0
0.1168,0
0.1169,0
0.117,0
0.1171,0
0.1172,0
0.1173,0
0.1174,0
0.1175,0
0.1176,0
0.1177,0
0.1178,0
0.1179,0
0.118,0
0.1181,0
0.1182,0
0.1183,0
0.1184,0
0.1185,0
0.1186,0
0.1187,0
0.1188,0
0.1189,0
0.119,0
0.1191,0
0.1192,0
0.1193,0
0.1194,0
0.1195,0
0.1196,0
0.1197,0
0.1198,0
0.1199,0
0.12,0
0.1201,0
0.1202,0
0.1203,0
0.1204,0
0.1205,0
0.1206,0
0.1207,0
0.1208,0
0.1209,0
0.121,0
0.1211,0
0.1212,0
0.1213,0
0.1214,0
0.1215,0
0.1216,0
0.1217,0
0.1218,0
0.1219,0
0.122,0
0.1221,0
0.1222,0
0.1223,0
0.1224,0
0.1225,0
0.1226,0
0.1227,0
0.1228,0
0.1229,0
0.123,0
0.1231,0
0.1232,0
0.1233,0
0.1234,0
0.1235,0
0.1236,0
0.1237,0
0.1238,0
0.1239,0
0.124,0
0.1241,0
0.1242,0
0.1243,0
0.1244,0
0.1245,0
0.1246,0
0.1247,0
0.1248,0
0.1249,0
0.125,0
0.1251,0
0.1252,0
0.1253,0
0.1254,0
0.1255,0
0.1256,0
0.1257,0
0.1258,0
0.1259,0
0.126,0
0.1261,0
0.1262,0
0.1263,0
0.1264,0
0.1265,0
0.1266,0
0.1267,0
0.1268,0
0.1269,0
0.127,0
0.1271,0
0.1272,0
0.1273,0
0.1274,0
0.1275,0
0.1276,0
0.1277,0
0.1278,0
0.1279,0
0.128,0
0.1281,0
0.1282,0
0.1283,0
0.1284,0
0.1285,0
0.1286,0
0.1287,0
0.1288,0
0.1289,0
0.129,0
0.1291,0
0.1292,0
0.1293,0
0.1294,0
0.1295,0
0.1296,0
0.1297,0
0.1298,0
0.1299,0
0.13,0
0.1301,0
0.1302,0
0.1303,0
0.1304,0
0.1305,0
0.1306,0
0.1307,0
0.1308,0
0.1309,0
0.131,0
0.1311,0
0.1312,0
0.1313,0
0.1314,0
0.1315,0
0.1316,0
0.1317,0
0.1318,0
0.1319,0
0.132,0
0.1321,0
0.1322,0
0.1323,0
0.1324,0
0.1325,0
0.1326,0
0.1327,0
0.1328,0
0.1329,0
0.133,0
0.1331,0
0.1332,0
0.1333,0
0.1334,0
0.1335,0
0.1336,0
0.1337,0
0.1338,0
0.1339,0
0.134,0
0.1341,0
0.1342,0
0.1343,0
0.1344,0
0.1345,0
0.1346,0
0.1347,0
0.1348,0
0.1349,0
0.135,0
0.1351,0
0.1352,0
0.1353,0
0.1354,0
0.1355,0
0.1356,0
0.1357,0
0.1358,0
0.1359,0
0.136,0
0.1361,0
0.1362,0
0.1363,0
0.1364,0
0.1365,0
0.1366,0
0.1367,0
0.1368,0
0.1369,0
0.137,0
0.1371,0
0.1372,0
0.1373,0
0.1374,0
0.1375,0
0.1376,0
0.1377,0
0.1378,0
0.1379,0
0.138,0
0.1381,0
0.1382,0
0.1383,0
0.1384,0
0.1385,0
0.1386,0
0.1387,0
0.1388,0
0.1389,0
0.139,0
0.1391,0
0.1392,0
0.1393,0
0.1394,0
0.1395,0
0.1396,0
0.1397,0
0.1398,0
0.1399,0
0.14,0
0.1401,0
0.1402,0
0.1403,0
0.1404,0
0.1405,0
0.1406,0
0.1407,0
0.1408,0
0.1409,0
0.141,0
0.1411,0
0.1412,0
0.1413,0
0.1414,0
0.1415,0
0.1416,0
0.1417,0
0.1418,0
0.1419,0
0.142,0
0.1421,0
0.1422,0
0.1423,0
0.1424,0
0.1425,0
0.1426,0
0.1427,0
0.1428,0
0.1429,0
0.143,0
0.1431,0
0.1432,0
0.1433,0
0.1434,0
0.1435,0
0.1436,0
0.1437,0
0.1438,0
0.1439,0
0.144,0
0.1441,0
0.1442,0
0.1443,0
0.1444,0
0.1445,0
0.1446,0
0.1447,0
0.1448,0
0.1449,0
0.145,0
0.1451,0
0.1452,0
0.1453,0
0.1454,0
0.1455,0
0.1456,0
0.1457,0
0.1458,0
0.1459,0
0.146,0
0.1461,0
0.1462,0
0.1463,0
0.1464,0
0.1465,0
0.1466,0
0.1467,0
0.1468,0
0.1469,0
0.147,0
0.1471,0
0.1472,0
0.1473,0
0.1474,0
0.1475,0
0.1476,0
0.1477,0
0.1478,0
0.1479,0
0.148,0
0.1481,0
0.1482,0
0.1483,0
0.1484,0
0.1485,0
0.1486,0
0.1487,0
0.1488,0
0.1489,0
0.149,0
0.1491,0
0.1492,0
0.1493,0
0.1494,0
0.1495,0
0.1496,0
0.1497,0
0.1498,0
0.1499,0
0.15,0
0.1501,0
0.1502,0
0.1503,0
0.1504,0
0.1505,0
0.1506,0
0.1507,0
0.1508,0
0.1509,0
0.151,0
0.1511,0
0.1512,0
0.1513,0
0.1514,0
0.1515,0
0.1516,0
0.1517,0
0.1518,0
0.1519,0
0.152,0
0.1521,0
0.1522,0
0.1523,0
0.1524,0
0.1525,0
0.1526,0
0.1527,0
0.1528,0
0.1529,0
0.153,0
0.1531,0
0.1532,0
0.1533,0
0.1534,0
0.1535,0
0.1536,0
0.1537,0
0.1538,0
0.1539,0
0.154,0
0.1541,0
0.1542,0
0.1543,0
0.1544,0
0.1545,0
0.1546,0
0.1547,0
0.1548,0
0.1549,0
0.155,0
0.1551,0
0.1552,0
0.1553,0
0.1554,0
0.1555,0
0.1556,0
0.1557,0
0.1558,0
0.1559,0
0.156,0
0.1561,0
0.1562,0
0.1563,0
0.1564,0
0.1565,0
0.1566,0
0.1567,0
0.1568,0
0.1569,0
0.157,0
0.1571,0
0.1572,0
0.1573,0
0.1574,0
0.1575,0
0.1576,0
0.1577,0
0.1578,0
0.1579,0
0.158,0
0.1581,0
0.1582,0
0.1583,0
0.1584,0
0.1585,0
0.1586,0
0.1587,0
0.1588,0
0.1589,0
0.159,0
0.1591,0
0.1592,0
0.1593,0
0.1594,0
0.1595,0
0.1596,0
0.1597,0
0.1598,0
0.1599,0
0.16,0
0.1601,0
0.1602,0
0.1603,0
0.1604,0
0.1605,0
0.1606,0
0.1607,0
0.1608,0
0.1609,0
0.161,0
0.1611,0
0.1612,0
0.1613,0
0.1614,0
0.1615,0
0.1616,0
0.1617,0
0.1618,0
0.1619,0
0.162,0
0.1621,0
0.1622,0
0.1623,0
0.1624,0
0.1625,0
0.1626,0
0.1627,0
0.1628,0
0.1629,0
0.163,0
0.1631,0
0.1632,0
0.1633,0
0.1634,0
0.1635,0
0.1636,0
0.1637,0
0.1638,0
0.1639,0
0.164,0
0.1641,0
0.1642,0
0.1643,0
0.1644,0
0.1645,0
0.1646,0
0.1647,0
0.1648,0
0.1649,0
0.165,0
0.1651,0
0.1652,0
0.1653,0
0.1654,0
0.1655,0
0.1656,0
0.1657,0
0.1658,0
0.1659,0
0.166,0
0.1661,0
0.1662,0
0.1663,0
0.1664,0
0.1665,0
0.1666,0
0.1667,0
0.1668,0
0.1669,0
0.167,0
0.1671,0
0.1672,0
0.1673,0
0.1674,0
0.1675,0
0.1676,0
0.1677,0
0.1678,0
0.1679,0
0.168,0
0.1681,0
0.1682,0
0.1683,0
0.1684,0
0.1685,0
0.1686,0
0.1687,0
0.1688,0
0.1689,0
0.169,0
0.1691,0
0.1692,0
0.1693,0
0.1694,0
0.1695,0
0.1696,0
0.1697,0
0.1698,0
0.1699,0
0.17,0
0.1701,0
0.1702,0
0.1703,0
0.1704,0
0.1705,0
0.1706,0
0.1707,0
0.1708,0
0.1709,0
0.171,0
0.1711,0
0.1712,0
0.1713,0
0.1714,0
0.1715,0
0.1716,0
0.1717,0
0.1718,0
0.1719,0
0.172,0
0.1721,0
0.1722,0
0.1723,0
0.1724,0
0.1725,0
0.1726,0
0.1727,0
0.1728,0
0.1729,0
0.173,0
0.1731,0
0.1732,0
0.1733,0
0.1734,0
0.1735,0
0.1736,0
0.1737,0
0.1738,0
0.1739,0
0.174,0
0.1741,0
0.1742,0
0.1743,0
0.1744,0
0.1745,0
0.1746,0
0.1747,0
0.1748,0
0.1749,0
0.175,0
0.1751,0
0.1752,0
0.1753,0
0.1754,0
0.1755,0
0.1756,0
0.1757,0
0.1758,0
0.1759,0
0.176,0
0.1761,0
0.1762,0
0.1763,0
0.1764,0
0.1765,0
0.1766,0
0.1767,0
0.1768,0
0.1769,0
0.177,0
0.1771,0
0.1772,0
0.1773,0
0.1774,0
0.1775,0
0.1776,0
0.1777,0
0.1778,0
0.1779,0
0.178,0
0.1781,0
0.1782,0
0.1783,0
0.1784,0
0.1785,0
0.1786,0
0.1787,0
0.1788,0
0.1789,0
0.179,0
0.1791,0
0.1792,0
0.1793,0
0.1794,0
0.1795,0
0.1796,0
0.1797,0
0.1798,0
0.1799,0
0.18,0
0.1801,0
0.1802,0
0.1803,0
0.1804,0
0.1805,0
0.1806,0
0.1807,0
0.1808,0
0.1809,0
0.181,0
0.1811,0
0.1812,0
0.1813,0
0.1814,0
0.1815,0
0.1816,0
0.1817,0
0.1818,0
0.1819,0
0.182,0
0.1821,0
0.1822,0
0.1823,0
0.1824,0
0.1825,0
0.1826,0
0.1827,0
0.1828,0
0.1829,0
0.183,0
0.1831,0
0.1832,0
0.1833,0
0.1834,0
0.1835,0
0.1836,0
0.1837,0
0.1838,0
0.1839,0
0.184,0
0.1841,0
0.1842,0
0.1843,0
0.1844,0
0.1845,0
0.1846,0
0.1847,0
0.1848,0
0.1849,0
0.185,0
0.1851,0
0.1852,0
0.1853,0
0.1854,0
0.1855,0
0.1856,0
0.1857,0
0.1858,0
0.1859,0
0.186,0
0.1861,0
0.1862,0
0.1863,0
0.1864,0
0.1865,0
0.1866,0
0.1867,0
0.1868,0
0.1869,0
0.187,0
0.1871,0
0.1872,0
0.1873,0
0.1874,0
0.1875,0
0.1876,0
0.1877,0
0.1878,0
0.1879,0
0.188,0
0.1881,0
0.1882,0
0.1883,0
0.1884,0
0.1885,0
0.1886,0
0.1887,0
0.1888,0
0.1889,0
0.189,0
0.1891,0
0.1892,0
0.1893,0
0.1894,0
0.1895,0
0.1896,0
0.1897,0
0.1898,0
0.1899,0
0.19,0
0.1901,0
0.1902,0
0.1903,0
0.1904,0
0.1905,0
0.1906,0
0.1907,0
0.1908,0
0.1909,0
0.191,0
0.1911,0
0.1912,0
0.1913,0
0.1914,0
0.1915,0
0.1916,0
0.1917,0
0.1918,0
0.1919,0
0.192,0
0.1921,0
0.1922,0
0.1923,0
0.1924,0
0.1925,0
0.1926,0
0.1927,0
0.1928,0
0.1929,0
0.193,0
0.1931,0
0.1932,0
0.1933,0
0.1934,0
0.1935,0
0.1936,0
0.1937,0
0.1938,0
0.1939,0
0.194,0
0.1941,0
0.1942,0
0.1943,0
0.1944,0
0.1945,0
0.1946,0
0.1947,0
0.1948,0
0.1949,0
0.195,0
0.1951,0
0.1952,0
0.1953,0
0.1954,0
0.1955,0
0.1956,0
0.1957,0
0.1958,0
0.1959,0
0.196,0
0.1961,0
0.1962,0
0.1963,0
0.1964,0
0.1965,0
0.1966,0
0.1967,0
0.1968,0
0.1969,0
0.197,0
0.1971,0
0.1972,0
0.1973,0
0.1974,0
0.1975,0
0.1976,0
0.1977,0
0.1978,0
0.1979,0
0.198,0
0.1981,0
0.1982,0
0.1983,0
0.1984,0
0.1985,0
0.1986,0
0.1987,0
0.1988,0
0.1989,0
0.199,0
0.1991,0
0.1992,0
0.1993,0
0.1994,0
0.1995,0
0.1996,0
0.1997,0
0.1998,0
0.1999,0
0.2,0
0.2001,0
0.2002,0
0.2003,0
0.2004,0
0.2005,0
0.2006,0
0.2007,0
0.2008,0
0.2009,0
0.201,0
0.2011,0
0.2012,0
0.2013,0
0.2014,0
0.2015,0
0.2016,0
0.2017,0
0.2018,0
0.2019,0
0.202,0
0.2021,0
0.2022,0
0.2023,0
0.2024,0
0.2025,0
0.2026,0
0.2027,0
0.2028,0
0.2029,0
0.203,0
0.2031,0
0.2032,0
0.2033,0
0.2034,0
0.2035,0
0.2036,0
0.2037,0
0.2038,0
0.2039,0
0.204,0
0.2041,0
0.2042,0
0.2043,0
0.2044,0
0.2045,0
0.2046,0
0.2047,0
0.2048,0
0.2049,0
0.205,0
0.2051,0
0.2052,0
0.2053,0
0.2054,0
0.2055,0
0.2056,0
0.2057,0
0.2058,0
0.2059,0
0.206,0
0.2061,0
0.2062,0
0.2063,0
0.2064,0
0.2065,0
0.2066,0
0.2067,0
0.2068,0
0.2069,0
0.207,0
0.2071,0
0.2072,0
0.2073,0
0.2074,0
0.2075,0
0.2076,0
0.2077,0
0.2078,0
0.2079,0
0.208,0
0.2081,0
0.2082,0
0.2083,0
0.2084,0
0.2085,0
0.2086,0
0.2087,0
0.2088,0
0.2089,0
0.209,0
0.2091,0
0.2092,0
0.2093,0
0.2094,0
0.2095,0
0.2096,0
0.2097,0
0.2098,0
0.2099,0
0.21,0
0.2101,0
0.2102,0
0.2103,0
0.2104,0
0.2105,0
0.2106,0
0.2107,0
0.2108,0
0.2109,0
0.211,0
0.2111,0
0.2112,0
0.2113,0
0.2114,0
0.2115,0
0.2116,0
0.2117,0
0.2118,0
0.2119,0
0.212,0
0.2121,0
0.2122,0
0.2123,0
0.2124,0
0.2125,0
0.2126,0
0.2127,0
0.2128,0
0.2129,0
0.213,0
0.2131,0
0.2132,0
0.2133,0
0.2134,0
0.2135,0
0.2136,0
0.2137,0
0.2138,0
0.2139,0
0.214,0
0.2141,0
0.2142,0
0.2143,0
0.2144,0
0.2145,0
0.2146,0
0.2147,0
0.2148,0
0.2149,0
0.215,0
0.2151,0
0.2152,0
0.2153,0
0.2154,0
0.2155,0
0.2156,0
0.2157,0
0.2158,0
0.2159,0
0.216,0
0.2161,0
0.2162,0
0.2163,0
0.2164,0
0.2165,0
0.2166,0
0.2167,0
0.2168,0
0.2169,0
0.217,0
0.2171,0
0.2172,0
0.2173,0
0.2174,0
0.2175,0
0.2176,0
0.2177,0
0.2178,0
0.2179,0
0.218,0
0.2181,0
0.2182,0
0.2183,0
0.2184,0
0.2185,0
0.2186,0
0.2187,0
0.2188,0
0.2189,0
0.219,0
0.2191,0
0.2192,0
0.2193,0
0.2194,0
0.2195,0
0.2196,0
0.2197,0
0.2198,0
0.2199,0
0.22,0
0.2201,0
0.2202,0
0.2203,0
0.2204,0
0.2205,0
0.2206,0
0.2207,0
0.2208,0
0.2209,0
0.221,0
0.2211,0
0.2212,0
0.2213,0
0.2214,0
0.2215,0
0.2216,0
0.2217,0
0.2218,0
0.2219,0
0.222,0
0.2221,0
0.2222,0
0.2223,0
0.2224,0
0.2225,0
0.2226,0
0.2227,0
0.2228,0
0.2229,0
0.223,0
0.2231,0
0.2232,0
0.2233,0
0.2234,0
0.2235,0
0.2236,0
0.2237,0
0.2238,0
0.2239,0
0.224,0
0.2241,0
0.2242,0
0.2243,0
0.2244,0
0.2245,0
0.2246,0
0.2247,0
0.2248,0
0.2249,0
0.225,0
0.2251,0
0.2252,0
0.2253,0
0.2254,0
0.2255,0
0.2256,0
0.2257,0
0.2258,0
0.2259,0
0.226,0
0.2261,0
0.2262,0
0.2263,0
0.2264,0
0.2265,0
0.2266,0
0.2267,0
0.2268,0
0.2269,0
0.227,0
0.2271,0
0.2272,0
0.2273,0
0.2274,0
0.2275,0
0.2276,0
0.2277,0
0.2278,0
0.2279,0
0.228,0
0.2281,0
0.2282,0
0.2283,0
0.2284,0
0.2285,0
0.2286,0
0.2287,0
0.2288,0
0.2289,0
0.229,0
0.2291,0
0.2292,0
0.2293,0
0.2294,0
0.2295,0
0.2296,0
0.2297,0
0.2298,0
0.2299,0
0.23,0
0.2301,0
0.2302,0
0.2303,0
0.2304,0
0.2305,0
0.2306,0
0.2307,0
0.2308,0
0.2309,0
0.231,0
0.2311,0
0.2312,0
0.2313,0
0.2314,0
0.2315,0
0.2316,0
0.2317,0
0.2318,0
0.2319,0
0.232,0
0.2321,0
0.2322,0
0.2323,0
0.2324,0
0.2325,0
0.2326,0
0.2327,0
0.2328,0
0.2329,0
0.233,0
0.2331,0
0.2332,0
0.2333,0
0.2334,0
0.2335,0
0.2336,0
0.2337,0
0.2338,0
0.2339,0
0.234,0
0.2341,0
0.2342,0
0.2343,0
0.2344,0
0.2345,0
0.2346,0
0.2347,0
0.2348,0
0.2349,0
0.235,0
0.2351,0
0.2352,0
0.2353,0
0.2354,0
0.2355,0
0.2356,0
0.2357,0
0.2358,0
0.2359,0
0.236,0
0.2361,0
0.2362,0
0.2363,0
0.2364,0
0.2365,0
0.2366,0
0.2367,0
0.2368,0
0.2369,0
0.237,0
0.2371,0
0.2372,0
0.2373,0
0.2374,0
0.2375,0
0.2376,0
0.2377,0
0.2378,0
0.2379,0
0.238,0
0.2381,0
0.2382,0
0.2383,0
0.2384,0
0.2385,0
0.2386,0
0.2387,0
0.2388,0
0.2389,0
0.239,0
0.2391,0
0.2392,0
0.2393,0
0.2394,0
0.2395,0
0.2396,0
0.2397,0
0.2398,0
0.2399,0
0.24,0
0.2401,0
0.2402,0
0.2403,0
0.2404,0
0.2405,0
0.2406,0
0.2407,0
0.2408,0
0.2409,0
0.241,0
0.2411,0
0.2412,0
0.2413,0
0.2414,0
0.2415,0
0.2416,0
0.2417,0
0.2418,0
0.2419,0
0.242,0
0.2421,0
0.2422,0
0.2423,0
0.2424,0
0.2425,0
0.2426,0
0.2427,0
0.2428,0
0.2429,0
0.243,0
0.2431,0
0.2432,0
0.2433,0
0.2434,0
0.2435,0
0.2436,0
0.2437,0
0.2438,0
0.2439,0
0.244,0
0.2441,0
0.2442,0
0.2443,0
0.2444,0
0.2445,0
0.2446,0
0.2447,0
0.2448,0
0.2449,0
0.245,0
0.2451,0
0.2452,0
0.2453,0
0.2454,0
0.2455,0
0.2456,0
0.2457,0
0.2458,0
0.2459,0
0.246,0
0.2461,0
0.2462,0
0.2463,0
0.2464,0
0.2465,0
0.2466,0
0.2467,0
0.2468,0
0.2469,0
0.247,0
0.2471,0
0.2472,0
0.2473,0
0.2474,0
0.2475,0
0.2476,0
0.2477,0
0.2478,0
0.2479,0
0.248,0
0.2481,0
0.2482,0
0.2483,0
0.2484,0
0.2485,0
0.2486,0
0.2487,0
0.2488,0
0.2489,0
0.249,0
0.2491,0
0.2492,0
0.2493,0
0.2494,0
0.2495,0
0.2496,0
0.2497,0
0.2498,0
0.2499,0
0.25,0
0.2501,0
0.2502,0
0.2503,0
0.2504,0
0.2505,0
0.2506,0
0.2507,0
0.2508,0
0.2509,0
0.251,0
0.2511,0
0.2512,0
0.2513,0
0.2514,0
0.2515,0
0.2516,0
0.2517,0
0.2518,0
0.2519,0
0.252,0
0.2521,0
0.2522,0
0.2523,0
0.2524,0
0.2525,0
0.2526,0
0.2527,0
0.2528,0
0.2529,0
0.253,0
0.2531,0
0.2532,0
0.2533,0
0.2534,0
0.2535,0
0.2536,0
0.2537,0
0.2538,0
0.2539,0
0.254,0
0.2541,0
0.2542,0
0.2543,0
0.2544,0
0.2545,0
0.2546,0
0.2547,0
0.2548,0
0.2549,0
0.255,0
0.2551,0
0.2552,0
0.2553,0
0.2554,0
0.2555,0
0.2556,0
0.2557,0
0.2558,0
0.2559,0
0.256,0
0.2561,0
0.2562,0
0.2563,0
0.2564,0
0.2565,0
0.2566,0
0.2567,0
0.2568,0
0.2569,0
0.257,0
0.2571,0
0.2572,0
0.2573,0
0.2574,0
0.2575,0
0.2576,0
0.2577,0
0.2578,0
0.2579,0
0.258,0
0.2581,0
0.2582,0
0.2583,0
0.2584,0
0.2585,0
0.2586,0
0.2587,0
0.2588,0
0.2589,0
0.259,0
0.2591,0
0.2592,0
0.2593,0
0.2594,0
0.2595,0
0.2596,0
0.2597,0
0.2598,0
0.2599,0
0.26,0
0.2601,0
0.2602,0
0.2603,0
0.2604,0
0.2605,0
0.2606,0
0.2607,0
0.2608,0
0.2609,0
0.261,0
0.2611,0
0.2612,0
0.2613,0
0.2614,0
0.2615,0
0.2616,0
0.2617,0
0.2618,0
0.2619,0
0.262,0
0.2621,0
0.2622,0
0.2623,0
0.2624,0
0.2625,0
0.2626,0
0.2627,0
0.2628,0
0.2629,0
0.263,0
0.2631,0
0.2632,0
0.2633,0
0.2634,0
0.2635,0
0.2636,0
0.2637,0
0.2638,0
0.2639,0
0.264,0
0.2641,0
0.2642,0
0.2643,0
0.2644,0
0.2645,0
0.2646,0
0.2647,0
0.2648,0
0.2649,0
0.265,0
0.2651,0
0.2652,0
0.2653,0
0.2654,0
0.2655,0
0.2656,0
0.2657,0
0.2658,0
0.2659,0
0.266,0
0.2661,0
0.2662,0
0.2663,0
0.2664,0
0.2665,0
0.2666,0
0.2667,0
0.2668,0
0.2669,0
0.267,0
0.2671,0
0.2672,0
0.2673,0
0.2674,0
0.2675,0
0.2676,0
0.2677,0
0.2678,0
0.2679,0
0.268,0
0.2681,0
0.2682,0
0.2683,0
0.2684,0
0.2685,0
0.2686,0
0.2687,0
0.2688,0
0.2689,0
0.269,0
0.2691,0
0.2692,0
0.2693,0
0.2694,0
0.2695,0
0.2696,0
0.2697,0
0.2698,0
0.2699,0
0.27,0
0.2701,0
0.2702,0
0.2703,0
0.2704,0
0.2705,0
0.2706,0
0.2707,0
0.2708,0
0.2709,0
0.271,0
0.2711,0
0.2712,0
0.2713,0
0.2714,0
0.2715,0
0.2716,0
0.2717,0
0.2718,0
0.2719,0
0.272,0
0.2721,0
0.2722,0
0.2723,0
0.2724,0
0.2725,0
0.2726,0
0.2727,0
0.2728,0
0.2729,0
0.273,0
0.2731,0
0.2732,0
0.2733,0
0.2734,0
0.2735,0
0.2736,0
0.2737,0
0.2738,0
0.2739,0
0.274,0
0.2741,0
0.2742,0
0.2743,0
0.2744,0
0.2745,0
0.2746,0
0.2747,0
0.2748,0
0.2749,0
0.275,0
0.2751,0
0.2752,0
0.2753,0
0.2754,0
0.2755,0
0.2756,0
0.2757,0
0.2758,0
0.2759,0
0.276,0
0.2761,0
0.2762,0
0.2763,0
0.2764,0
0.2765,0
0.2766,0
0.2767,0
0.2768,0
0.2769,0
0.277,0
0.2771,0
0.2772,0
0.2773,0
0.2774,0
0.2775,0
0.2776,0
0.2777,0
0.2778,0
0.2779,0
0.278,0
0.2781,0
0.2782,0
0.2783,0
0.2784,0
0.2785,0
0.2786,0
0.2787,0
0.2788,0
0.2789,0
0.279,0
0.2791,0
0.2792,0
0.2793,0
0.2794,0
0.2795,0
0.2796,0
0.2797,0
0.2798,0
0.2799,0
0.28,0
0.2801,0
0.2802,0
0.2803,0
0.2804,0
0.2805,0
0.2806,0
0.2807,0
0.2808,0
0.2809,0
0.281,0
0.2811,0
0.2812,0
0.2813,0
0.2814,0
0.2815,0
0.2816,0
0.2817,0
0.2818,0
0.2819,0
0.282,0
0.2821,0
0.2822,0
0.2823,0
0.2824,0
0.2825,0
0.2826,0
0.2827,0
0.2828,0
0.2829,0
0.283,0
0.2831,0
0.2832,0
0.2833,0
0.2834,0
0.2835,0
0.2836,0
0.2837,0
0.2838,0
0.2839,0
0.284,0
0.2841,0
0.2842,0
0.2843,0
0.2844,0
0.2845,0
0.2846,0
0.2847,0
0.2848,0
0.2849,0
0.285,0
0.2851,0
0.2852,0
0.2853,0
0.2854,0
0.2855,0
0.2856,0
0.2857,0
0.2858,0
0.2859,0
0.286,0
0.2861,0
0.2862,0
0.2863,0
0.2864,0
0.2865,0
0.2866,0
0.2867,0
0.2868,0
0.2869,0
0.287,0
0.2871,0
0.2872,0
0.2873,0
0.2874,0
0.2875,0
0.2876,0
0.2877,0
0.2878,0
0.2879,0
0.288,0
0.2881,0
0.2882,0
0.2883,0
0.2884,0
0.2885,0
0.2886,0
0.2887,0
0.2888,0
0.2889,0
0.289,0
0.2891,0
0.2892,0
0.2893,0
0.2894,0
0.2895,0
0.2896,0
0.2897,0
0.2898,0
0.2899,0
0.29,0
0.2901,0
0.2902,0
0.2903,0
0.2904,0
0.2905,0
0.2906,0
0.2907,0
0.2908,0
0.2909,0
0.291,0
0.2911,0
0.2912,0
0.2913,0
0.2914,0
0.2915,0
0.2916,0
0.2917,0
0.2918,0
0.2919,0
0.292,0
0.2921,0
0.2922,0
0.2923,0
0.2924,0
0.2925,0
0.2926,0
0.2927,0
0.2928,0
0.2929,0
0.293,0
0.2931,0
0.2932,0
0.2933,0
0.2934,0
0.2935,0
0.2936,0
0.2937,0
0.2938,0
0.2939,0
0.294,0
0.2941,0
0.2942,0
0.2943,0
0.2944,0
0.2945,0
0.2946,0
0.2947,0
0.2948,0
0.2949,0
0.295,0
0.2951,0
0.2952,0
0.2953,0
0.2954,0
0.2955,0
0.2956,0
0.2957,0
0.2958,0
0.2959,0
0.296,0
0.2961,0
0.2962,0
0.2963,0
0.2964,0
0.2965,0
0.2966,0
0.2967,0
0.2968,0
0.2969,0
0.297,0
0.2971,0
0.2972,0
0.2973,0
0.2974,0
0.2975,0
0.2976,0
0.2977,0
0.2978,0
0.2979,0
0.298,0
0.2981,0
0.2982,0
0.2983,0
0.2984,0
0.2985,0
0.2986,0
0.2987,0
0.2988,0
0.2989,0
0.299,0
0.2991,0
0.2992,0
0.2993,0
0.2994,0
0.2995,0
0.2996,0
0.2997,0
0.2998,0
0.2999,0
0.3,0
0.3001,0
0.3002,0
0.3003,0
0.3004,0
0.3005,0
0.3006,0
0.3007,0
0.3008,0
0.3009,0
0.301,0
0.3011,0
0.3012,0
0.3013,0
0.3014,0
0.3015,0
0.3016,0
0.3017,0
0.3018,0
0.3019,0
0.302,0
0.3021,0
0.3022,0
0.3023,0
0.3024,0
0.3025,0
0.3026,0
0.3027,0
0.3028,0
0.3029,0
0.303,0
0.3031,0
0.3032,0
0.3033,0
0.3034,0
0.3035,0
0.3036,0
0.3037,0
0.3038,0
0.3039,0
0.304,0
0.3041,0
0.3042,0
0.3043,0
0.3044,0
0.3045,0
0.3046,0
0.3047,0
0.3048,0
0.3049,0
0.305,0
0.3051,0
0.3052,0
0.3053,0
0.3054,0
0.3055,0
0.3056,0
0.3057,0
0.3058,0
0.3059,0
0.306,0
0.3061,0
0.3062,0
0.3063,0
0.3064,0
0.3065,0
0.3066,0
0.3067,0
0.3068,0
0.3069,0
0.307,0
0.3071,0
0.3072,0
0.3073,0
0.3074,0
0.3075,0
0.3076,0
0.3077,0
0.3078,0
0.3079,0
0.308,0
0.3081,0
0.3082,0
0.3083,0
0.3084,0
0.3085,0
0.3086,0
0.3087,0
0.3088,0
0.3089,0
0.309,0
0.3091,0
0.3092,0
0.3093,0
0.3094,0
0.3095,0
0.3096,0
0.3097,0
0.3098,0
0.3099,0
0.31,0
0.3101,0
0.3102,0
0.3103,0
0.3104,0
0.3105,0
0.3106,0
0.3107,0
0.3108,0
0.3109,0
0.311,0
0.3111,0
0.3112,0
0.3113,0
0.3114,0
0.3115,0
0.3116,0
0.3117,0
0.3118,0
0.3119,0
0.312,0
0.3121,0
0.3122,0
0.3123,0
0.3124,0
0.3125,0
0.3126,0
0.3127,0
0.3128,0
0.3129,0
0.313,0
0.3131,0
0.3132,0
0.3133,0
0.3134,0
0.3135,0
0.3136,0
0.3137,0
0.3138,0
0.3139,0
0.314,0
0.3141,0
0.3142,0
0.3143,0
0.3144,0
0.3145,0
0.3146,0
0.3147,0
0.3148,0
0.3149,0
0.315,0
0.3151,0
0.3152,0
0.3153,0
0.3154,0
0.3155,0
0.3156,0
0.3157,0
0.3158,0
0.3159,0
0.316,0
0.3161,0
0.3162,0
0.3163,0
0.3164,0
0.3165,0
0.3166,0
0.3167,0
0.3168,0
0.3169,0
0.317,0
0.3171,0
0.3172,0
0.3173,0
0.3174,0
0.3175,0
0.3176,0
0.3177,0
0.3178,0
0.3179,0
0.318,0
0.3181,0
0.3182,0
0.3183,0
0.3184,0
0.3185,0
0.3186,0
0.3187,0
0.3188,0
0.3189,0
0.319,0
0.3191,0
0.3192,0
0.3193,0
0.3194,0
0.3195,0
0.3196,0
0.3197,0
0.3198,0
0.3199,0
0.32,0
0.3201,0
0.3202,0
0.3203,0
0.3204,0
0.3205,0
0.3206,0
0.3207,0
0.3208,0
0.3209,0
0.321,0
0.3211,0
0.3212,0
0.3213,0
0.3214,0
0.3215,0
0.3216,0
0.3217,0
0.3218,0
0.3219,0
0.322,0
0.3221,0
0.3222,0
0.3223,0
0.3224,0
0.3225,0
0.3226,0
0.3227,0
0.3228,0
0.3229,0
0.323,0
0.3231,0
0.3232,0
0.3233,0
0.3234,0
0.3235,0
0.3236,0
0.3237,0
0.3238,0
0.3239,0
0.324,0
0.3241,0
0.3242,0
0.3243,0
0.3244,0
0.3245,0
0.3246,0
0.3247,0
0.3248,0
0.3249,0
0.325,0
0.3251,0
0.3252,0
0.3253,0
0.3254,0
0.3255,0
0.3256,0
0.3257,0
0.3258,0
0.3259,0
0.326,0
0.3261,0
0.3262,0
0.3263,0
0.3264,0
0.3265,0
0.3266,0
0.3267,0
0.3268,0
0.3269,0
0.327,0
0.3271,0
0.3272,0
0.3273,0
0.3274,0
0.3275,0
0.3276,0
0.3277,0
0.3278,0
0.3279,0
0.328,0
0.3281,0
0.3282,0
0.3283,0
0.3284,0
0.3285,0
0.3286,0
0.3287,0
0.3288,0
0.3289,0
0.329,0
0.3291,0
0.3292,0
0.3293,0
0.3294,0
0.3295,0
0.3296,0
0.3297,0
0.3298,0
0.3299,0
0.33,0
0.3301,0
0.3302,0
0.3303,0
0.3304,0
0.3305,0
0.3306,0
0.3307,0
0.3308,0
0.3309,0
0.331,0
0.3311,0
0.3312,0
0.3313,0
0.3314,0
0.3315,0
0.3316,0
0.3317,0
0.3318,0
0.3319,0
0.332,0
0.3321,0
0.3322,0
0.3323,0
0.3324,0
0.3325,0
0.3326,0
0.3327,0
0.3328,0
0.3329,0
0.333,0
0.3331,0
0.3332,0
0.3333,0
0.3334,0
0.3335,0
0.3336,0
0.3337,0
0.3338,0
0.3339,0
0.334,0
0.3341,0
0.3342,0
0.3343,0
0.3344,0
0.3345,0
0.3346,0
0.3347,0
0.3348,0
0.3349,0
0.335,0
0.3351,0
0.3352,0
0.3353,0
0.3354,0
0.3355,0
0.3356,0
0.3357,0
0.3358,0
0.3359,0
0.336,0
0.3361,0
0.3362,0
0.3363,0
0.3364,0
0.3365,0
0.3366,0
0.3367,0
0.3368,0
0.3369,0
0.337,0
0.3371,0
0.3372,0
0.3373,0
0.3374,0
0.3375,0
0.3376,0
0.3377,0
0.3378,0
0.3379,0
0.338,0
0.3381,0
0.3382,0
0.3383,0
0.3384,0
0.3385,0
0.3386,0
0.3387,0
0.3388,0
0.3389,0
0.339,0
0.3391,0
0.3392,0
0.3393,0
0.3394,0
0.3395,0
0.3396,0
0.3397,0
0.3398,0
0.3399,0
0.34,0
0.3401,0
0.3402,0
0.3403,0
0.3404,0
0.3405,0
0.3406,0
0.3407,0
0.3408,0
0.3409,0
0.341,0
0.3411,0
0.3412,0
0.3413,0
0.3414,0
0.3415,0
0.3416,0
0.3417,0
0.3418,0
0.3419,0
0.342,0
0.3421,0
0.3422,0
0.3423,0
0.3424,0
0.3425,0
0.3426,0
0.3427,0
0.3428,0
0.3429,0
0.343,0
0.3431,0
0.3432,0
0.3433,0
0.3434,0
0.3435,0
0.3436,0
0.3437,0
0.3438,0
0.3439,0
0.344,0
0.3441,0
0.3442,0
0.3443,0
0.3444,0
0.3445,0
0.3446,0
0.3447,0
0.3448,0
0.3449,0
0.345,0
0.3451,0
0.3452,0
0.3453,0
0.3454,0
0.3455,0
0.3456,0
0.3457,0
0.3458,0
0.3459,0
0.346,0
0.3461,0
0.3462,0
0.3463,0
0.3464,0
0.3465,0
0.3466,0
0.3467,0
0.3468,0
0.3469,0
0.347,0
0.3471,0
0.3472,0
0.3473,0
0.3474,0
0.3475,0
0.3476,0
0.3477,0
0.3478,0
0.3479,0
0.348,0
0.3481,0
0.3482,0
0.3483,0
0.3484,0
0.3485,0
0.3486,0
0.3487,0
0.3488,0
0.3489,0
0.349,0
0.3491,0
0.3492,0
0.3493,0
0.3494,0
0.3495,0
0.3496,0
0.3497,0
0.3498,0
0.3499,0
0.35,0
0.3501,0
0.3502,0
0.3503,0
0.3504,0
0.3505,0
0.3506,0
0.3507,0
0.3508,0
0.3509,0
0.351,0
0.3511,0
0.3512,0
0.3513,0
0.3514,0
0.3515,0
0.3516,0
0.3517,0
0.3518,0
0.3519,0
0.352,0
0.3521,0
0.3522,0
0.3523,0
0.3524,0
0.3525,0
0.3526,0
0.3527,0
0.3528,0
0.3529,0
0.353,0
0.3531,0
0.3532,0
0.3533,0
0.3534,0
0.3535,0
0.3536,0
0.3537,0
0.3538,0
0.3539,0
0.354,0
0.3541,0
0.3542,0
0.3543,0
0.3544,0
0.3545,0
0.3546,0
0.3547,0
0.3548,0
0.3549,0
0.355,0
0.3551,0
0.3552,0
0.3553,0
0.3554,0
0.3555,0
0.3556,0
0.3557,0
0.3558,0
0.3559,0
0.356,0
0.3561,0
0.3562,0
0.3563,0
0.3564,0
0.3565,0
0.3566,0
0.3567,0
0.3568,0
0.3569,0
0.357,0
0.3571,0
0.3572,0
0.3573,0
0.3574,0
0.3575,0
0.3576,0
0.3577,0
0.3578,0
0.3579,0
0.358,0
0.3581,0
0.3582,0
0.3583,0
0.3584,0
0.3585,0
0.3586,0
0.3587,0
0.3588,0
0.3589,0
0.359,0
0.3591,0
0.3592,0
0.3593,0
0.3594,0
0.3595,0
0.3596,0
0.3597,0
0.3598,0
0.3599,0
0.36,0
0.3601,0
0.3602,0
0.3603,0
0.3604,0
0.3605,0
0.3606,0
0.3607,0
0.3608,0
0.3609,0
0.361,0
0.3611,0
0.3612,0
0.3613,0
0.3614,0
0.3615,0
0.3616,0
0.3617,0
0.3618,0
0.3619,0
0.362,0
0.3621,0
0.3622,0
0.3623,0
0.3624,0
0.3625,0
0.3626,0
0.3627,0
0.3628,0
0.3629,0
0.363,0
0.3631,0
0.3632,0
0.3633,0
0.3634,0
0.3635,0
0.3636,0
0.3637,0
0.3638,0
0.3639,0
0.364,0
0.3641,0
0.3642,0
0.3643,0
0.3644,0
0.3645,0
0.3646,0
0.3647,0
0.3648,0
0.3649,0
0.365,0
0.3651,0
0.3652,0
0.3653,0
0.3654,0
0.3655,0
0.3656,0
0.3657,0
0.3658,0
0.3659,0
0.366,0
0.3661,0
0.3662,0
0.3663,0
0.3664,0
0.3665,0
0.3666,0
0.3667,0
0.3668,0
0.3669,0
0.367,0
0.3671,0
0.3672,0
0.3673,0
0.3674,0
0.3675,0
0.3676,0
0.3677,0
0.3678,0
0.3679,0
0.368,0
0.3681,0
0.3682,0
0.3683,0
0.3684,0
0.3685,0
0.3686,0
0.3687,0
0.3688,0
0.3689,0
0.369,0
0.3691,0
0.3692,0
0.3693,0
0.3694,0
0.3695,0
0.3696,0
0.3697,0
0.3698,0
0.3699,0
0.37,0
0.3701,0
0.3702,0
0.3703,0
0.3704,0
0.3705,0
0.3706,0
0.3707,0
0.3708,0
0.3709,0
0.371,0
0.3711,0
0.3712,0
0.3713,0
0.3714,0
0.3715,0
0.3716,0
0.3717,0
0.3718,0
0.3719,0
0.372,0
0.3721,0
0.3722,0
0.3723,0
0.3724,0
0.3725,0
0.3726,0
0.3727,0
0.3728,0
0.3729,0
0.373,0
0.3731,0
0.3732,0
0.3733,0
0.3734,0
0.3735,0
0.3736,0
0.3737,0
0.3738,0
0.3739,0
0.374,0
0.3741,0
0.3742,0
0.3743,0
0.3744,0
0.3745,0
0.3746,0
0.3747,0
0.3748,0
0.3749,0
0.375,0
0.3751,0
0.3752,0
0.3753,0
0.3754,0
0.3755,0
0.3756,0
0.3757,0
0.3758,0
0.3759,0
0.376,0
0.3761,0
0.3762,0
0.3763,0
0.3764,0
0.3765,0
0.3766,0
0.3767,0
0.3768,0
0.3769,0
0.377,0
0.3771,0
0.3772,0
0.3773,0
0.3774,0
0.3775,0
0.3776,0
0.3777,0
0.3778,0
0.3779,0
0.378,0
0.3781,0
0.3782,0
0.3783,0
0.3784,0
0.3785,0
0.3786,0
0.3787,0
0.3788,0
0.3789,0
0.379,0
0.3791,0
0.3792,0
0.3793,0
0.3794,0
0.3795,0
0.3796,0
0.3797,0
0.3798,0
0.3799,0
0.38,0
0.3801,0
0.3802,0
0.3803,0
0.3804,0
0.3805,0
0.3806,0
0.3807,0
0.3808,0
0.3809,0
0.381,0
0.3811,0
0.3812,0
0.3813,0
0.3814,0
0.3815,0
0.3816,0
0.3817,0
0.3818,0
0.3819,0
0.382,0
0.3821,0
0.3822,0
0.3823,0
0.3824,0
0.3825,0
0.3826,0
0.3827,0
0.3828,0
0.3829,0
0.383,0
0.3831,0
0.3832,0
0.3833,0
0.3834,0
0.3835,0
0.3836,0
0.3837,0
0.3838,0
0.3839,0
0.384,0
0.3841,0
0.3842,0
0.3843,0
0.3844,0
0.3845,0
0.3846,0
0.3847,0
0.3848,0
0.3849,0
0.385,0
0.3851,0
0.3852,0
0.3853,0
0.3854,0
0.3855,0
0.3856,0
0.3857,0
0.3858,0
0.3859,0
0.386,0
0.3861,0
0.3862,0
0.3863,0
0.3864,0
0.3865,0
0.3866,0
0.3867,0
0.3868,0
0.3869,0
0.387,0
0.3871,0
0.3872,0
0.3873,0
0.3874,0
0.3875,0
0.3876,0
0.3877,0
0.3878,0
0.3879,0
0.388,0
0.3881,0
0.3882,0
0.3883,0
0.3884,0
0.3885,0
0.3886,0
0.3887,0
0.3888,0
0.3889,0
0.389,0
0.3891,0
0.3892,0
0.3893,0
0.3894,0
0.3895,0
0.3896,0
0.3897,0
0.3898,0
0.3899,0
0.39,0
0.3901,0
0.3902,0
0.3903,0
0.3904,0
0.3905,0
0.3906,0
0.3907,0
0.3908,0
0.3909,0
0.391,0
0.3911,0
0.3912,0
0.3913,0
0.3914,0
0.3915,0
0.3916,0
0.3917,0
0.3918,0
0.3919,0
0.392,0
0.3921,0
0.3922,0
0.3923,0
0.3924,0
0.3925,0
0.3926,0
0.3927,0
0.3928,0
0.3929,0
0.393,0
0.3931,0
0.3932,0
0.3933,0
0.3934,0
0.3935,0
0.3936,0
0.3937,0
0.3938,0
0.3939,0
0.394,0
0.3941,0
0.3942,0
0.3943,0
0.3944,0
0.3945,0
0.3946,0
0.3947,0
0.3948,0
0.3949,0
0.395,0
0.3951,0
0.3952,0
0.3953,0
0.3954,0
0.3955,0
0.3956,0
0.3957,0
0.3958,0
0.3959,0
0.396,0
0.3961,0
0.3962,0
0.3963,0
0.3964,0
0.3965,0
0.3966,0
0.3967,0
0.3968,0
0.3969,0
0.397,0
0.3971,0
0.3972,0
0.3973,0
0.3974,0
0.3975,0
0.3976,0
0.3977,0
0.3978,0
0.3979,0
0.398,0
0.3981,0
0.3982,0
0.3983,0
0.3984,0
0.3985,0
0.3986,0
0.3987,0
0.3988,0
0.3989,0
0.399,0
0.3991,0
0.3992,0
0.3993,0
0.3994,0
0.3995,0
0.3996,0
0.3997,0
0.3998,0
0.3999,0
0.4,0
