time,ground_displacement,relative_displacement,roof_displacement
-5,0,0,0
-4.99,0.0024739788671781,0.0024826472061397,-8.6683389615801e-06
-4.98,0.01480485707845,0.014925756711923,-0.00012089963347312
-4.97,0.046694084787025,0.047440514683829,-0.00074642989680401
-4.96,0.10753466529095,0.11027951932982,-0.0027448540388681
-4.95,0.20626302175999,0.21306737378027,-0.006804352020284
-4.94,0.35121806450388,0.36326704346969,-0.012048978965816
-4.93,0.55000968137531,0.56494146316748,-0.014931781792176
-4.92,0.80939872529257,0.81836132546796,-0.0089626001753845
-4.91,1.1351903915503,1.1202814375405,0.014908954009765
-4.9,1.5321426664218,1.4650910262023,0.067051640219522
-4.89,2.0038912908734,1.8464828466701,0.15740844420323
-4.88,2.552892422757,2.2585822644995,0.29431015825745
-4.87,3.1803839017343,2.6962468466127,0.48413705512156
-4.86,3.8863657278052,3.154581135504,0.73178459230118
-4.85,4.6696000613083,3.6275985558528,1.0420015054555
-4.84,5.5276307443914,4.1069205512717,1.4207101931197
-4.83,6.4568220360882,4.5815778475049,1.8752441885834
-4.82,7.4524159501255,5.038312562597,2.4141033875285
-4.81,8.5086072912087,5.4621566085967,3.046450682612
-4.8,9.6186352064194,5.8379505329536,3.7806846734658
-4.79,10.774889807905,6.1513883652125,4.6235014426924
-4.78,11.969032185356,6.3887951553105,5.5802370300451
-4.77,13.192125915602,6.5368687894042,6.6552571261975
-4.76,14.434777995345,6.5825975706502,7.8521804246949
-4.75,15.687286974432,6.5132852823829,9.1740016920496
-4.74,16.93979595352,6.3173199372437,10.622476016276
-4.73,18.182448033263,5.9858403540557,12.196607679208
-4.72,19.405541763509,5.5141979771106,13.891343786399
-4.71,20.59968414096,4.9030004382352,15.696683702725
-4.7,21.755938742446,4.1585090739887,17.597429668457
-4.69,22.865966657656,3.2912442585618,19.574722399095
-4.68,23.92215799874,2.3143567898182,21.607801208922
-4.67,24.917751912777,1.2425817709929,23.675170141784
-4.66,25.846943204474,0.091162645673133,25.755780558801
-4.65,26.704973887557,-1.1243566252566,27.829330512814
-4.64,27.48820822106,-2.3872309888368,29.875439209897
-4.63,28.194190047131,-3.6784025693941,31.872592616525
-4.62,28.821681526109,-4.976306160584,33.797987686693
-4.61,29.370682657992,-6.2572123314651,35.627894989458
-4.6,29.842431282444,-7.4960780136928,37.338509296137
-4.59,30.239383557316,-8.6678525547056,38.907236112021
-4.58,30.565175223574,-9.7480996913666,40.31327491494
-4.57,30.824564267491,-10.713419546346,41.537983813837
-4.56,31.023355884362,-11.541352144792,42.564708029155
-4.55,31.168310927106,-12.209601409712,43.377912336818
-4.54,31.267039283575,-12.69596086144,43.963000145016
-4.53,31.327879864079,-12.979433079396,44.307312943475
-4.52,31.359769091788,-13.041896764912,44.401665856699
-4.51,31.372099969999,-12.869735302505,44.241835272504
-4.5,31.374573948866,-12.455526651483,43.830100600349
-4.49,31.377047927734,-11.798951773429,43.175999701162
-4.48,31.389378805945,-10.906327062901,42.295705868846
-4.47,31.421268033653,-9.7892876197308,41.210555653384
-4.46,31.482108614157,-8.4632589832784,39.945367597436
-4.45,31.580836970626,-6.9464300024621,38.527266973088
-4.44,31.72579201337,-5.2595216235647,36.985313636935
-4.43,31.924583630241,-3.426106264868,35.350689895109
-4.42,32.183972674159,-1.4729969147765,33.656969588935
-4.41,32.509764340416,0.56941805519279,31.940346285224
-4.4,32.906716615288,2.6673755866683,30.239341028619
-4.39,33.378465239739,4.7849326455178,28.593532594221
-4.38,33.927466371623,6.8855248531092,27.041941518514
-4.37,34.5549578506,8.9329290987117,25.622028751888
-4.36,35.260939676671,10.891374880488,24.369564796183
-4.35,36.044174010174,12.725498271497,23.318675738677
-4.34,36.902204693257,14.400036861305,22.502167831952
-4.33,37.831395984953,15.879295824795,21.952100160159
-4.32,38.826989898991,17.127754823544,21.699235075447
-4.31,39.883181240074,18.111864985946,21.771316254128
-4.3,40.993209155284,18.802130477142,22.191078678142
-4.29,42.14946375677,19.175192188169,22.974271568601
-4.28,43.34360613422,19.215336679323,24.128269454898
-4.27,44.566699864466,18.914734567622,25.651965296844
-4.26,45.80935194421,18.272805951765,27.536545992444
-4.25,47.061860923297,17.295399893492,29.766461029805
-4.24,48.314369902385,15.99365834881,32.320711553575
-4.23,49.557021982128,14.383380314939,35.173641667189
-4.22,50.780115712374,12.485734391766,38.294381320608
-4.21,51.974258089825,10.327702889042,41.646555200783
-4.2,53.13051269131,7.9417938421015,45.188718849209
-4.19,54.240540606521,5.3658940878881,48.874646518633
-4.18,55.296731947604,2.6422257385061,52.654506209098
-4.17,56.292325861642,-0.18455942608362,56.476885287725
-4.16,57.221517153339,-3.0686903834544,60.290207536793
-4.15,58.079547836422,-5.9637508451659,64.043298681588
-4.14,58.862782169925,-8.8227690803551,67.68555125028
-4.13,59.568763995996,-11.597680160993,71.166444156989
-4.12,60.196255474974,-14.2386695882,74.434925063174
-4.11,60.745256606857,-16.694799345486,77.440055952344
-4.1,61.217005231309,-18.915325536003,80.132330767312
-4.09,61.613957506181,-20.851561979371,82.465519485552
-4.08,61.939749172439,-22.459662830622,84.399412003061
-4.07,62.199138216356,-23.702691460752,85.901829677107
-4.06,62.397929833227,-24.551358605029,86.949288438257
-4.05,62.542884875971,-24.984283706751,87.527168582722
-4.04,62.641613232441,-24.987796985005,87.629410217445
-4.03,62.702453812945,-24.555214713254,87.257668526198
-4.02,62.734343040653,-23.686659827845,86.421002868499
-4.01,62.746673918865,-22.389769016982,85.136442935847
-4,62.749147897732,-20.680310374077,83.429458271809
-3.99,62.751621876599,-18.582489258699,81.334111135297
-3.98,62.76395275481,-16.128678501805,78.892631256615
-3.97,62.795841982519,-13.358200351669,76.154042334188
-3.96,62.856682563023,-10.315638252728,73.172320815751
-3.95,62.955410919491,-7.0492569621297,70.004667881621
-3.94,63.100365962235,-3.6098646989148,66.71023066115
-3.93,63.299157579107,-0.050536574986182,63.349694154093
-3.92,63.558546623024,3.5726889717504,59.985857651273
-3.91,63.884338289281,7.2002667640712,56.68407152521
-3.9,64.281290564153,10.769331212312,53.51195935184
-3.89,64.753039188604,14.21470068798,50.538338500624
-3.88,65.302040320487,17.470681256324,47.831359064163
-3.87,65.929531799464,20.473525735781,45.456006063683
-3.86,66.635513625535,23.164067522322,43.471446103213
-3.85,67.418747959038,25.489253714738,41.9294942443
-3.84,68.276778642121,27.4027885328,40.873990109321
-3.83,69.205969933818,28.865390760819,40.340579172999
-3.82,70.201563847855,29.84501116409,40.356552683765
-3.81,71.257755188938,30.317230123666,40.940525065272
-3.8,72.367783104149,30.266064720156,42.101718383993
-3.79,73.524037705634,29.685238868994,43.83879883664
-3.78,74.718180083085,28.57907260324,46.139107479845
-3.77,75.941273813331,26.962806749412,48.978467063919
-3.76,77.183925893074,24.861670795595,52.322255097479
-3.75,78.436434872162,22.30901676721,56.127418104951
-3.74,79.688943851249,19.344849101836,60.344094749413
-3.73,80.931595930992,16.014621833858,64.916974097135
-3.72,82.154689661239,12.368448885337,69.786240775902
-3.71,83.348832038689,8.4613348772644,74.887497161425
-3.7,84.505086640175,4.3541438718678,80.150942768307
-3.69,85.615114555386,0.11380635730808,85.501308198078
-3.68,86.671305896469,-4.1875456861265,90.858851582596
-3.67,87.666899810507,-8.4739665267842,96.140866337291
-3.66,88.596091102204,-12.668125056466,101.26421615867
-3.65,89.454121785287,-16.693652526519,106.14777431181
-3.64,90.23735611879,-20.47687864325,110.71423476204
-3.63,90.943337944861,-23.94843021693,114.89176816179
-3.62,91.570829423839,-27.043857706599,118.61468713044
-3.61,92.119830555723,-29.703793696741,121.82362425246
-3.6,92.591579180175,-31.875023351776,124.46660253195
-3.59,92.988531455046,-33.512414780555,126.5009462356
-3.58,93.314323121304,-34.580423444181,127.89474656549
-3.57,93.573712165222,-35.054499891817,128.62821205704
-3.56,93.772503782093,-34.922554265004,128.6950580471
-3.55,93.917458824837,-34.184707219367,128.1021660442
-3.54,94.016187181307,-32.851921117723,126.86810829903
-3.53,94.07702776181,-30.944638376095,125.02166613791
-3.52,94.108916989519,-28.491234535645,122.60015152516
-3.51,94.12124786773,-25.527337235408,119.64858510314
-3.5,94.123721846597,-22.096200007272,116.21992185387
-3.49,94.126195825464,-18.249164638522,112.37536046399
-3.48,94.138526703676,-14.045959376534,108.18448608021
-3.47,94.170415931384,-9.554774755349,103.72519068673
-3.46,94.231256511888,-4.8512722220814,99.082528733969
-3.45,94.329984868356,-0.016146020141576,94.346130888498
-3.44,94.4749399111,4.8670127401711,89.607927170929
-3.43,94.673731527971,9.7132671732972,84.960464354674
-3.42,94.933120571888,14.437919713279,80.495200858609
-3.41,95.258912238145,18.95747359773,76.301438640415
-3.4,95.655864513017,23.190267976324,72.465596536692
-3.39,96.127613137468,27.05759628979,69.070016847678
-3.38,96.676614269351,30.485640745228,66.190973524123
-3.37,97.304105748328,33.407974575151,63.896131173177
-3.36,98.010087574398,35.768048117921,62.242039456477
-3.35,98.793321907901,37.52108716903,61.272234738871
-3.34,99.651352590984,38.634851271545,61.016501319439
-3.33,100.58054388268,39.089312387307,61.491231495374
-3.32,101.57613779672,38.875729433077,62.700408363641
-3.31,102.6323291378,37.995413202611,64.63691593519
-3.3,103.74235705301,36.458898531434,67.283458521577
-3.29,104.8986116545,34.286218123103,70.612393531393
-3.28,106.09275403195,31.507738648595,74.585015383352
-3.27,107.31584776219,28.164656292186,79.151191470006
-3.26,108.55849984194,24.309093465252,84.249406376684
-3.25,109.81100882102,20.003613441689,89.807395379333
-3.24,111.06351780011,15.319681226512,95.743836573598
-3.23,112.30616987985,10.335518900272,101.97065097958
-3.22,113.5292636101,5.1345307858489,108.39473282425
-3.21,114.72340598755,-0.19577121932298,114.91917720687
-3.2,115.87966058904,-5.5647358953849,121.44439648442
-3.19,116.98968850425,-10.879019942563,127.86870844681
-3.18,118.04587984533,-16.043701123951,134.08958096928
-3.17,119.04147375937,-20.964364093378,140.00583785274
-3.16,119.97066505106,-25.549600343222,145.52026539429
-3.15,120.82869573415,-29.714158961208,150.54285469535
-3.14,121.61193006765,-33.381915070425,154.99384513807
-3.13,122.31791189372,-36.487581233981,158.8054931277
-3.12,122.9454033727,-38.977108574759,161.92251194746
-3.11,123.49440450458,-40.807772149964,164.30217665455
-3.1,123.96615312903,-41.947598120026,165.91375124906
-3.09,124.36310540391,-42.374582620027,166.73768802393
-3.08,124.68889707016,-42.077263324422,166.76616039459
-3.07,124.94828611408,-41.05571188844,166.00399800252
-3.06,125.14707773095,-39.322280438159,164.46935816911
-3.05,125.2920327737,-36.902249913967,162.19428268766
-3.04,125.39076113017,-33.833631380553,159.22439251072
-3.03,125.45160171067,-30.165936520988,155.61753823166
-3.02,125.48349093838,-25.958802254231,151.44229319261
-3.01,125.49582181659,-21.280627649016,146.77644946561
-3,125.49829579546,-16.207326617846,141.7056224133
-2.99,125.50076977432,-10.822130805663,136.32290057999
-2.98,125.51310065253,-5.2156395510144,130.72874020355
-2.97,125.54498988024,0.51516958023872,125.0298203
-2.96,125.60583046075,6.2685854806633,119.33724498008
-2.95,125.70455881722,11.940376748171,113.76418206904
-2.94,125.84951385996,17.427134264079,108.42237959588
-2.93,126.04830547683,22.629829612096,103.41847586473
-2.92,126.30769452075,27.456272904677,98.85142161607
-2.91,126.633486187,31.822703612455,94.810782574549
-2.9,127.03043846188,35.654424960563,91.376013501312
-2.89,127.50218708633,38.88577470921,88.616412377116
-2.88,128.05118821821,41.460494663675,86.590693554535
-2.87,128.67867969719,43.332394642848,85.346285054338
-2.86,129.38466152326,44.466304175483,84.918357347774
-2.85,130.16789585676,44.839543658915,85.328352197844
-2.84,131.02592653984,44.443233793232,86.582692746609
-2.83,131.95511783154,43.282400051545,88.672717779993
-2.82,132.95071174557,41.375050391419,91.575661354155
-2.81,134.00690308666,38.751290926735,95.255612159922
-2.8,135.11693100187,35.45238862435,99.664542377517
-2.79,136.27318560335,31.529904017269,104.74328158608
-2.78,137.4673279808,27.045633961033,110.42169401977
-2.77,138.69042171105,22.072055885629,116.61836582542
-2.76,139.93307379079,16.692494722616,123.24057906818
-2.75,141.18558276988,11.000199793507,130.18538297637
-2.74,142.43809174897,5.0962881476746,137.34180360129
-2.73,143.68074382871,-0.91314017265967,144.59388400137
-2.72,144.90383755895,-6.9203632943159,151.82420085327
-2.71,146.0979799364,-12.818933227557,158.91691316396
-2.7,147.25423453789,-18.506005449945,165.76023998784
-2.69,148.3642624531,-23.88389562171,172.24815807481
-2.68,149.42045379418,-28.860513431801,178.28096722599
-2.67,150.41604770822,-33.349932762949,183.76598047117
-2.66,151.34523899992,-37.273913295162,188.61915229508
-2.6500000000001,152.203269683,-40.56365702347,192.76692670647
-2.6400000000001,152.98650401651,-43.161248243709,196.14775226021
-2.6300000000001,153.69248584258,-45.021346972652,198.71383281523
-2.6200000000001,154.31997732155,-46.112434677897,200.43241199945
-2.6100000000001,154.86897845344,-46.416370931348,201.28534938479
-2.6000000000001,155.34072707789,-45.927596752892,201.26832383078
-2.5900000000001,155.73767935276,-44.652505058396,200.39018441116
-2.5800000000001,156.06347101902,-42.608901464576,198.67237248359
-2.5700000000001,156.32286006294,-39.826415953043,196.14927601598
-2.5600000000001,156.52165167981,-36.347477054392,192.8691287342
-2.5500000000001,156.66660672255,-32.227893963454,188.89450068601
-2.5400000000001,156.76533507902,-27.536866347072,184.30220142609
-2.5300000000001,156.82617565953,-22.356382226741,179.18255788627
-2.5200000000001,156.85806488723,-16.778788586528,173.63685347376
-2.5100000000001,156.87039576545,-10.903490147901,167.77388591335
-2.5000000000001,156.87286974431,-4.8345399096961,161.70740965401
-2.4900000000001,156.87534372318,1.3217745649306,155.55356915825
-2.4800000000001,156.88767460139,7.4589103480876,149.4287642533
-2.4700000000001,156.9195638291,13.471088717259,143.44847511184
-2.4600000000001,156.9804044096,19.254265475198,137.7261389344
-2.4500000000001,157.07913276607,24.707771238258,132.37136152781
-2.4400000000001,157.22408780882,29.736440295349,127.48764751347
-2.4300000000001,157.42287942569,34.252922046416,123.16995737927
-2.4200000000001,157.6822684696,38.180138372311,119.50213009729
-2.4100000000001,158.00806013586,41.452578059816,116.55548207604
-2.4000000000001,158.40501241073,44.016686127152,114.38832628358
-2.3900000000001,158.87676103518,45.830919765045,113.04584127014
-2.3800000000001,159.42576216707,46.865019394151,112.56074277291
-2.3700000000001,160.05325364604,47.099596246324,112.95365739972
-2.3600000000001,160.75923547211,46.526875796488,114.23235967562
-2.3500000000001,161.54246980562,45.152028100758,116.39044170486
-2.3400000000001,162.4005004887,42.994407315474,119.40609317322
-2.3300000000001,163.32969178039,40.088536285278,123.24115549512
-2.3200000000001,164.32528569443,36.48420322541,127.84108246902
-2.3100000000001,165.38147703551,32.245189636283,133.13628739923
-2.3000000000001,166.49150495072,27.447152273599,139.04435267712
-2.2900000000001,167.64775955221,22.175256364483,145.47250318773
-2.2800000000001,168.84190192966,16.522052104733,152.31984982493
-2.2700000000001,170.06499565991,10.585959108741,159.47903655116
-2.2600000000001,171.30764773965,4.4701938613282,166.83745387832
-2.2500000000001,172.56015671874,-1.7185172304436,174.27867394918
-2.2400000000001,173.81266569782,-7.871534240663,181.68419993849
-2.2300000000001,175.05531777757,-13.880484613886,188.93580239145
-2.2200000000001,176.27841150781,-19.640196645406,195.91860815322
-2.2100000000001,177.47255388526,-25.05156598575,202.52411987101
-2.2000000000001,178.62880848675,-30.023701619242,208.65251010599
-2.1900000000001,179.73883640196,-34.474903855612,214.21374025757
-2.1800000000001,180.79502774304,-38.332982101678,219.12800984472
-2.1700000000001,181.79062165708,-41.535205373197,223.32582703028
-2.1600000000001,182.71981294878,-44.027940666449,226.74775361523
-2.1500000000001,183.57784363186,-45.767260011937,229.3451036438
-2.1400000000001,184.36107796537,-46.720542748694,231.08162071406
-2.1300000000001,185.06705979144,-46.868284454366,231.9353442458
-2.1200000000001,185.69455127041,-46.205702724771,231.90025399518
-2.1100000000001,186.2435524023,-44.74360873255,230.98716113485
-2.1000000000001,186.71530102675,-42.50826004763,229.22356107438
-2.0900000000001,187.11225330162,-39.540161720003,226.65241502163
-2.0800000000001,187.43804496788,-35.892615507367,223.33066047525
-2.0700000000001,187.6974340118,-31.630136993485,219.32757100528
-2.0600000000001,187.89622562867,-26.827181115991,214.72340674466
-2.0500000000001,188.04118067141,-21.567907225132,209.60908789655
-2.0400000000001,188.13990902788,-15.945333706033,204.08524273392
-2.0300000000001,188.20074960839,-10.05957654944,198.26032615783
-2.0200000000001,188.2326388361,-4.0160024473873,192.24864128348
-2.0100000000001,188.24496971431,2.0774721232235,186.16749759108
-2.0000000000001,188.24744369317,8.1138539793884,180.13358971379
-1.9900000000001,188.24991767204,13.989853485701,174.26006418634
-1.9800000000001,188.26224855025,19.607387608505,168.65486094175
-1.9700000000001,188.29413777796,24.874466566931,163.41967121103
-1.9600000000001,188.35497835846,29.705332924079,158.64964543439
-1.9500000000001,188.45370671493,34.020326468077,154.43338024686
-1.9400000000001,188.59866175768,37.746803088257,150.85185866942
-1.9300000000001,188.79745337455,40.820471043953,147.9769823306
-1.9200000000001,189.05684241846,43.187045427201,145.86979699126
-1.9100000000001,189.38263408472,44.80478240556,144.57785167916
-1.9000000000001,189.77958635959,45.646195716927,144.13339064267
-1.8900000000001,190.25133498404,45.698143852881,144.55319113116
-1.8800000000001,190.80033611593,44.961598368565,145.83873774736
-1.8700000000001,191.4278275949,43.451325732482,147.97650186242
-1.8600000000001,192.13380942097,41.194936058051,150.93887336292
-1.8500000000001,192.91704375448,38.232274123946,154.68476963053
-1.8400000000001,193.77507443756,34.615705867954,159.1593685696
-1.8300000000001,194.70426572925,30.41008801766,164.2941777116
-1.8200000000001,195.69985964329,25.692108146333,170.00775149696
-1.8100000000001,196.75605098437,20.548757355454,176.20729362892
-1.8000000000001,197.86607889958,15.074624983026,182.79145391656
-1.7900000000001,199.02233350107,9.3687623022798,189.65357119879
-1.7800000000001,200.21647587852,3.5319225787721,196.68455329975
-1.7700000000001,201.43956960877,-2.3357501897666,203.77531979853
-1.7600000000001,202.68222168851,-8.1363004852084,210.81852217372
-1.7500000000001,203.9347306676,-13.774130763449,217.70886143104
-1.7400000000001,205.18723964668,-19.15603477253,224.34327441921
-1.7300000000001,206.42989172643,-24.192024441118,230.62191616754
-1.7200000000001,207.65298545667,-28.796804782305,236.44979023898
-1.7100000000001,208.84712783412,-32.891662629949,241.73879046407
-1.7000000000001,210.00338243561,-36.406545467237,246.40992790285
-1.6900000000001,211.11341035082,-39.282255008694,250.39566535951
-1.6800000000001,212.1696016919,-41.471635148588,253.64123684049
-1.6700000000001,213.16519560594,-42.939742754802,256.10493836074
-1.6600000000001,214.09438689764,-43.663687777962,257.7580746756
-1.6500000000001,214.95241758072,-43.632532366496,258.58494994722
-1.6400000000001,215.73565191422,-42.847707595495,258.58335950972
-1.6300000000001,216.4416337403,-41.323739200404,257.7653729407
-1.6200000000001,217.06912521927,-39.089067453962,256.15819267324
-1.6100000000001,217.61812635116,-36.186353443329,253.80447979449
-1.6000000000001,218.08987497561,-32.671964863925,250.76183983953
-1.5900000000001,218.48682725048,-28.614296993108,247.10112424359
-1.5800000000001,218.81261891674,-24.090745432145,242.90336434888
-1.5700000000001,219.07200796066,-19.184890420156,238.25689838081
-1.5600000000001,219.27079957753,-13.984366647124,233.25516622465
-1.5500000000001,219.41575462027,-8.5791162721348,227.99487089241
-1.5400000000001,219.51448297674,-3.0605378897493,222.57502086649
-1.5300000000001,219.57532355725,2.4786638420962,217.09665971515
-1.5200000000001,219.60721278496,7.9450291342514,211.6621836507
-1.5100000000001,219.61954366317,13.245709550473,206.37383411269
-1.5000000000001,219.62201764203,18.29028002717,201.33173761486
-1.4900000000001,219.6244916209,22.993102185958,196.63138943494
-1.4800000000001,219.63682249911,27.275477983174,192.36134451594
-1.4700000000001,219.66871172682,31.066805896517,188.6019058303
-1.4600000000001,219.72955230732,34.305391042946,185.42416126438
-1.4500000000001,219.82828066379,36.938828716437,182.88945194736
-1.4400000000001,219.97323570654,38.923838256256,181.04939745028
-1.4300000000001,220.17202732341,40.226979070655,179.94504825275
-1.4200000000001,220.43141636732,40.826356607592,179.60505975973
-1.4100000000001,220.75720803358,40.713053699767,180.04415433381
-1.4000000000001,221.15416030845,39.892292397527,181.26186791092
-1.3900000000001,221.6259089329,38.384221440915,183.24168749199
-1.3800000000001,222.17491006479,36.223102174003,185.95180789078
-1.3700000000001,222.80240154376,33.455201614423,189.34719992934
-1.3600000000001,223.50838336983,30.136633847547,193.37174952228
-1.3500000000001,224.29161770333,26.331077464952,197.96054023838
-1.3400000000001,225.14964838642,22.108027144303,203.04162124211
-1.3300000000001,226.07883967811,17.542242106014,208.5365975721
-1.3200000000001,227.07443359215,12.713299331503,214.36113426065
-1.3100000000001,228.13062493323,7.704848061297,220.42577687193
-1.3000000000001,229.24065284844,2.6038234081878,226.63682944025
-1.2900000000001,230.39690744993,-2.5012380574795,232.89814550741
-1.2800000000001,231.59104982738,-7.5227816061561,239.11383143353
-1.2700000000001,232.81414355762,-12.376242256071,245.19038581369
-1.2600000000001,234.05679563737,-16.981238891129,251.03803452849
-1.2500000000001,235.30930461645,-21.262564155077,256.57186877153
-1.2400000000001,236.56181359554,-25.15053896277,261.71235255831
-1.2300000000001,237.80446567528,-28.580957818445,266.38542349373
-1.2200000000001,239.02755940553,-31.495861105435,270.52342051096
-1.2100000000001,240.22170178298,-33.845159340124,274.0668611231
-1.2000000000001,241.37795638447,-35.588703087179,276.96665947164
-1.1900000000001,242.48798429968,-36.698473172478,279.18645747215
-1.1800000000001,243.54417564076,-37.160003704351,280.70417934511
-1.1700000000001,244.5397695548,-36.972603775777,281.51237333057
-1.1600000000001,245.46896084649,-36.148605289393,281.61756613589
-1.1500000000001,246.32699152958,-34.711849050919,281.0388405805
-1.1400000000001,247.11022586308,-32.695785172968,279.80601103605
-1.1300000000001,247.81620768915,-30.14200958408,277.95821727323
-1.1200000000001,248.44369916813,-27.09984828961,275.54354745774
-1.1100000000001,248.99270030001,-23.626255468111,272.61895576812
-1.1000000000001,249.46444892446,-19.78514591115,269.24959483561
-1.0900000000001,249.86140119934,-15.646567416488,265.50796861582
-1.0800000000001,250.18719286559,-11.285392820558,261.47258568615
-1.0700000000001,250.44658190951,-6.7791872240603,257.22576913357
-1.0600000000001,250.64537352638,-2.2058762955253,252.85124982191
-1.0500000000001,250.79032856913,2.3577628282612,248.43256574087
-1.0400000000001,250.8890569256,6.8365831426277,244.05247378297
-1.0300000000001,250.9498975061,11.157398455067,239.79249905103
-1.0200000000001,250.98178673381,15.248853415884,235.73293331792
-1.0100000000001,250.99411761202,19.041873917676,231.95224369434
-1.0000000000001,250.99659159089,22.471197564663,228.52539402622
-0.99000000000006,250.99906556975,25.477144028304,225.52192154145
-0.98000000000006,251.01139644796,28.008201384666,223.0031950633
-0.97000000000006,251.04328567567,30.023497915965,221.01978775971
-0.96000000000006,251.10412625618,31.493876300234,219.61024995594
-0.95000000000006,251.20285461264,32.401600671685,218.80125394096
-0.94000000000006,251.34780965539,32.739865180711,218.60794447468
-0.93000000000006,251.54660127226,32.512056744734,219.03454452753
-0.92000000000006,251.80599031618,31.73036800363,220.07562231255
-0.91000000000006,252.13178198243,30.415577445245,221.71620453719
-0.90000000000006,252.5287342573,28.597417370608,223.9313168867
-0.89000000000006,253.00048288176,26.314405012616,226.68607786914
-0.88000000000006,253.54948401364,23.613420303254,229.93606371038
-0.87000000000006,254.17697549261,20.548383486544,233.62859200607
-0.86000000000006,254.88295731869,17.178172089587,237.7047852291
-0.85000000000006,255.66619165219,13.564708538099,242.10148311409
-0.84000000000006,256.52422233527,9.7715348630041,246.75268747227
-0.83000000000006,257.45341362697,5.8626850096397,251.59072861733
-0.82000000000006,258.449007541,1.902642817724,256.54636472328
-0.81000000000006,259.50519888209,-2.0428372141195,261.5480360962
-0.80000000000006,260.6152267973,-5.906911132695,266.52213792999
-0.79000000000006,261.77148139878,-9.6227389616037,271.39422036038
-0.78000000000006,262.96562377623,-13.125007845347,276.09063162158
-0.77000000000006,264.18871750648,-16.352277835689,280.54099534216
-0.76000000000006,265.43136958622,-19.249503388676,284.68087297489
-0.75000000000006,266.68387856531,-21.769728379933,288.45360694524
-0.74000000000006,267.93638754439,-23.874896076348,291.81128362074
-0.73000000000006,269.17903962414,-25.535791589269,294.71483121341
-0.72000000000006,270.40213335438,-26.731332817046,297.13346617143
-0.71000000000006,271.59627573183,-27.448425228971,299.0447009608
-0.70000000000006,272.75253033332,-27.682303226894,300.43483356021
-0.69000000000006,273.86255824853,-27.436787386286,301.29934563482
-0.68000000000006,274.91874958961,-26.724747905498,301.64349749511
-0.67000000000006,275.91434350365,-25.56835712058,301.48270062423
-0.66000000000006,276.84353479535,-23.998194101415,300.84172889676
-0.65000000000006,277.70156547843,-22.051302181197,299.75286765963
-0.64000000000006,278.48479981193,-19.769281757728,298.25408156966
-0.63000000000006,279.19078163801,-17.19670929176,296.38749092977
-0.62000000000006,279.81827311698,-14.380141270809,294.19841438779
-0.61000000000006,280.36727424887,-11.368134379686,291.73540862855
-0.60000000000006,280.83902287332,-8.2118170370076,289.05083991033
-0.59000000000006,281.23597514819,-4.9653821679145,286.20135731611
-0.58000000000006,281.56176681445,-1.6859360264152,283.24770284087
-0.57000000000006,281.82115585837,1.5677138909631,280.2534419674
-0.56000000000006,282.01994747524,4.7370797496205,277.28286772562
-0.55000000000006,282.16490251798,7.7662292665004,274.39867325148
-0.54000000000006,282.26363087445,10.603490304539,271.66014056991
-0.53000000000006,282.32447145496,13.202535052677,269.12193640228
-0.52000000000006,282.35636068267,15.5228859495,266.83347473317
-0.51000000000006,282.36869156088,17.529664168651,264.83902739223
-0.50000000000006,282.37116553974,19.193470871051,263.17769466869
-0.49000000000006,282.37363951861,20.491156619342,261.88248289927
-0.48000000000006,282.38597039682,21.406901266302,260.97906913052
-0.47000000000006,282.41785962453,21.932975093801,260.48488453073
-0.46000000000006,282.47870020503,22.07038829605,260.40831190899
-0.45000000000006,282.5774285615,21.828815009146,260.74861355236
-0.44000000000006,282.72238360425,21.225041148122,261.49734245613
-0.43000000000006,282.92117522112,20.28102774003,262.64014748109
-0.42000000000006,283.18056426503,19.02236718739,264.15819707764
-0.41000000000006,283.50635593129,17.477033570582,266.02932236071
-0.40000000000006,283.90330820616,15.675221327354,268.22808687881
-0.39000000000006,284.37505683061,13.650162101788,270.72489472883
-0.38000000000006,284.9240579625,11.438695352442,273.48536261005
-0.37000000000006,285.55154944147,9.0815025373914,276.47004690408
-0.36000000000006,286.25753126754,6.622921970948,279.6346092966
-0.35000000000006,287.04076560105,4.1093642774162,282.93140132363
-0.34000000000006,287.89879628413,1.5871550028275,286.3116412813
-0.33000000000006,288.82798757582,-0.89860990825355,289.72659748408
-0.32000000000006,289.82358148986,-3.3050283700398,293.1286098599
-0.31000000000006,290.87977283094,-5.5921540105933,296.47192684154
-0.30000000000006,291.98980074615,-7.7227716735408,299.71257241969
-0.29000000000006,293.14605534764,-9.662266120269,302.80832146791
-0.28000000000006,294.34019772509,-11.379536466984,305.71973419207
-0.27000000000006,295.56329145533,-12.848302539185,308.41159399452
-0.26000000000006,296.80594353508,-14.048435138429,310.85437867351
-0.25000000000006,298.05845251416,-14.967349738726,313.02580225289
-0.24000000000006,299.31096149325,-15.600131630177,314.91109312343
-0.23000000000006,300.55361357299,-15.948598024804,316.5022115978
-0.22000000000006,301.77670730324,-16.0200642858,317.79677158904
-0.21000000000006,302.97084968069,-15.825467832602,318.79631751329
-0.20000000000006,304.12710428218,-15.377726795645,319.50483107782
-0.19000000000006,305.23713219739,-14.691579572715,319.9287117701
-0.18000000000006,306.29332353847,-13.784334689866,320.07765822834
-0.17000000000006,307.28891745251,-12.676346429914,319.96526388242
-0.16000000000006,308.2181087442,-11.391531342073,319.60964008628
-0.15000000000006,309.07613942729,-9.9575442208098,319.0336836481
-0.14000000000006,309.85937376079,-8.4048554274802,318.26422918827
-0.13000000000006,310.56535558686,-6.7653072259441,317.33066281281
-0.12000000000006,311.19284706584,-5.0707640826446,316.26361114848
-0.11000000000006,311.74184819772,-3.3524116627677,315.09425986049
-0.10000000000006,312.21359682217,-1.640752265903,313.85434908808
-0.090000000000062,312.61054909705,0.034110736518471,312.57643836053
-0.080000000000062,312.9363407633,1.642473076208,311.2938676871
-0.070000000000062,313.19572980722,3.155598598992,310.04013120823
-0.060000000000062,313.39452142409,4.5466878516386,308.84783357245
-0.050000000000062,313.53947646684,5.7926659839084,307.74681048293
-0.040000000000062,313.63820482331,6.8760247885742,306.76218003473
-0.030000000000062,313.69904540381,7.7856546256216,305.91339077819
-0.020000000000062,313.73093463152,8.5164431512034,305.21449148032
-0.010000000000062,313.74326550973,9.067982424949,304.67528308478
-6.2307797810135e-14,313.7457394886,9.443268128519,304.30247136008
0.0099999999999377,313.74821346746,9.6471951284138,304.10101833905
0.019999999999938,313.76054434567,9.6856324938793,304.0749118518
0.029999999999938,313.79243357338,9.5657606753509,304.22667289803
0.039999999999938,313.85327415389,9.2968255665401,304.55644858735
0.049999999999938,313.95200251035,8.8908171225945,305.06118538776
0.059999999999938,314.0969575531,8.3624750744032,305.7344824787
0.069999999999938,314.29574916997,7.7286025349918,306.56714663498
0.079999999999938,314.55513821389,7.0070905018579,307.54804771203
0.089999999999938,314.88092988014,6.2159853821159,308.66494449803
0.099999999999938,315.27788215501,5.3729059226555,309.90497623236
0.10999999999994,315.74963077946,4.4949319436922,311.25469883577
0.11999999999994,316.29863191135,3.5995342757201,312.69909763563
0.12999999999994,316.92612339032,2.7054031345926,314.22072025573
0.13999999999994,317.63210521639,1.8319462909848,315.80015892541
0.14999999999994,318.4153395499,0.99849694549988,317.4168426044
0.15999999999994,319.27337023298,0.22291102667538,319.0504592063
0.16999999999994,320.20256152467,-0.48044309473642,320.68300461941
0.17999999999994,321.19815543871,-1.1019622603062,322.30011769902
0.18999999999994,322.25434677979,-1.6370647177531,323.89141149755
0.19999999999994,323.364374695,-2.08551768097,325.44989237597
0.20999999999994,324.52062929649,-2.449996968003,326.97062626449
0.21999999999994,325.71477167394,-2.7344559853997,328.44922765934
0.22999999999994,326.93786540418,-2.9435441704969,329.88140957468
0.23999999999994,328.18051748393,-3.0826291648842,331.26314664881
0.24999999999994,329.43302646301,-3.1577327065726,332.59075916959
0.25999999999994,330.6855354421,-3.1763352087787,333.86187065088
0.26999999999994,331.92818752184,-3.1478037002926,335.07599122214
0.27999999999994,333.15128125209,-3.0823533397538,336.23363459184
0.28999999999994,334.34542362954,-2.9899917532009,337.33541538274
0.29999999999994,335.50167823103,-2.8798102073625,338.38148843839
0.30999999999994,336.61170614624,-2.7593120636952,339.37101820993
0.31999999999994,337.66789748732,-2.6345515970198,340.30244908434
0.32999999999994,338.66349140136,-2.5113095485409,341.1748009499
0.33999999999994,339.59268269305,-2.3960819137658,341.98876460682
0.34999999999994,340.45071337614,-2.2965224224985,342.74723579864
0.35999999999994,341.23394770964,-2.2213355244693,343.45528323411
0.36999999999994,341.93992953571,-2.1788960088332,344.11882554454
0.37999999999994,342.56742101469,-2.1753519594441,344.74277297413
0.38999999999994,343.11642214657,-2.2134189249088,345.32984107148
0.39999999999994,343.58817077102,-2.2917306725537,345.87990144358
0.40999999999994,343.9851230459,-2.4048422023682,346.38996524826
0.41999999999994,344.31091471215,-2.5445482154822,346.85546292764
0.42999999999994,344.57030375607,-2.7013866788338,347.27169043491
0.43999999999994,344.76909537294,-2.8653463155023,347.63444168845
0.44999999999994,344.91405041569,-3.0261396216384,347.94019003733
0.45999999999994,345.01277877216,-3.173077267816,348.18585603997
0.46999999999994,345.07361935266,-3.2947705129704,348.36838986563
0.47999999999994,345.10550858037,-3.3789664999993,348.48447508037
0.48999999999994,345.11783945858,-3.4132868084721,348.53112626705
0.49999999999994,345.12031343745,-3.3865945759287,348.50690801338
0.50999999999994,345.12278741631,-3.290207645288,348.4129950616
0.51999999999994,345.13511829452,-3.1187456244134,348.25386391894
0.52999999999994,345.16700752223,-2.8699598038571,348.03696732609
0.53999999999994,345.22784810274,-2.5438017719172,347.77164987465
0.54999999999994,345.3265764592,-2.1411350808234,347.46771154003
0.55999999999994,345.47153150195,-1.662685046122,347.13421654807
0.56999999999994,345.67032311882,-1.1086974367082,346.77902055553
0.57999999999994,345.92971216274,-0.47954465158733,346.40925681432
0.58999999999994,346.25550382899,0.2225490302668,346.03295479873
0.59999999999994,346.65245610386,0.99216866415901,345.6602874397
0.60999999999994,347.12420472831,1.8201714648293,345.30403326348
0.61999999999994,347.6732058602,2.6934986927025,344.97970716749
0.62999999999994,348.30069733917,3.595841221442,344.70485611773
0.63999999999994,349.00667916524,4.5090772201673,344.49760194508
0.64999999999994,349.78991349874,5.4143299700244,344.37558352872
0.65999999999994,350.64794418183,6.2920573999741,344.35588678185
0.66999999999994,351.57713547352,7.1220170748571,344.45511839867
0.67999999999994,352.57272938756,7.8830189282885,344.68971045927
0.68999999999994,353.62892072864,8.5529204480491,345.07600028059
0.69999999999994,354.73894864385,9.1096761228773,345.62927252097
0.70999999999994,355.89520324534,9.5326914280855,346.36251181725
0.71999999999994,357.08934562279,9.804361364073,347.28498425871
0.72999999999994,358.31243935303,9.9117076935104,348.40073165952
0.73999999999994,359.55509143277,9.8469429440931,349.70814848868
0.74999999999994,360.80760041186,9.6064162517048,351.20118416016
0.75999999999994,362.06010939095,9.1894094314731,352.87069995947
0.76999999999994,363.30276147069,8.5973015965506,354.70545987414
0.77999999999994,364.52585520094,7.8325737553832,356.69328144555
0.78999999999994,365.71999757839,6.8989073602175,358.82109021817
0.79999999999994,366.87625217987,5.8024099535806,361.07384222629
0.80999999999994,367.98628009508,4.5527887146309,363.43349138045
0.81999999999994,369.04247143616,3.1642621982608,365.8782092379
0.82999999999994,370.0380653502,1.6556850229393,368.38238032726
0.83999999999994,370.9672566419,0.049666945663205,370.91758969623
0.84999999999994,371.82528732498,-1.6284204402313,373.45370776521
0.85999999999994,372.60852165848,-3.3510421528272,375.95956381131
0.86999999999994,373.31450348456,-5.0891513522803,378.40365483684
0.87999999999994,373.94199496353,-6.8123048693478,380.75429983288
0.88999999999994,374.49099609542,-8.4878654637885,382.9788615592
0.89999999999994,374.96274471987,-10.080998628659,385.04374334853
0.90999999999994,375.35969699474,-11.555853920706,386.91555091545
0.91999999999994,375.685488661,-12.877105395699,388.5625940567
0.92999999999994,375.94487770491,-14.011953497959,389.95683120287
0.93999999999994,376.14366932179,-14.932148822416,391.0758181442
0.94999999999994,376.28862436453,-15.615131835474,391.9037562
0.95999999999994,376.387352721,-16.044150408077,392.43150312908
0.96999999999994,376.4481933015,-16.207526923231,392.65572022473
0.97999999999994,376.48008252921,-16.097327074936,392.57740960415
0.98999999999994,376.49241340742,-15.708528839163,392.20094224658
0.99999999999994,376.49488738629,-15.039321908275,391.53420929456
1.0099999999999,376.49736136515,-14.091734800224,390.58909616538
1.0199999999999,376.50969224337,-12.872413547607,389.38210579097
1.0299999999999,376.54158147107,-11.393644940937,387.93522641201
1.0399999999999,376.60242205158,-9.6737425891088,386.27616464069
1.0499999999999,376.70115040804,-7.7363051118256,384.43745551987
1.0599999999999,376.84610545079,-5.6090126918138,382.4551181426
1.0699999999999,377.04489706766,-3.3229403982655,380.36783746592
1.0799999999999,377.30428611157,-0.91226623241147,378.21655234399
1.0899999999999,377.63007777783,1.5856761692172,376.04440160861
1.0999999999999,378.0270300527,4.1298534999663,373.89717655274
1.1099999999999,378.49877867715,6.6752604676303,371.82351820952
1.1199999999999,379.04777980904,9.1734663883468,369.87431342069
1.1299999999999,379.67527128801,11.574240712521,368.10103057549
1.1399999999999,380.38125311408,13.827823582266,366.55342953182
1.1499999999999,381.16448744758,15.887473348208,365.27701409938
1.1599999999999,382.02251813067,17.711366042742,364.31115208792
1.1699999999999,382.95170942236,19.263132182608,363.68857723975
1.1799999999999,383.9473033364,20.512054173971,363.43524916243
1.1899999999999,385.00349467748,21.432575314519,363.57091936296
1.1999999999999,386.11352259269,22.003341840889,364.1101807518
1.2099999999999,387.26977719418,22.207306191889,365.06247100229
1.2199999999999,388.46391957163,22.032741061535,366.43117851009
1.2299999999999,389.68701330187,21.47416347108,368.21284983079
1.2399999999999,390.92966538161,20.532977511357,370.39668787026
1.2499999999999,392.1821743607,19.218114881228,372.96405947947
1.2599999999999,393.43468333979,17.545570594658,375.88911274513
1.2699999999999,394.67733541953,15.537123332609,379.14021208692
1.2799999999999,395.90042914978,13.219706498188,382.68072265159
1.2899999999999,397.09457152723,10.624933623498,386.46963790373
1.2999999999999,398.25082612871,7.789191622604,390.46163450611
1.3099999999999,399.36085404392,4.7546736865222,394.6061803574
1.3199999999999,400.41704538501,1.5699387113361,398.84710667367
1.3299999999999,401.41263929904,-1.7104884114698,403.12312771051
1.3399999999999,402.34183059074,-5.0270469164905,407.36887750723
1.3499999999999,403.19986127382,-8.317200362634,411.51706163646
1.3599999999999,403.98309560733,-11.518441909122,415.50153751645
1.3699999999999,404.6890774334,-14.570554651603,419.259632085
1.3799999999999,405.31656891237,-17.416858522516,422.73342743489
1.3899999999999,405.86557004426,-20.005100576374,425.87067062063
1.3999999999999,406.33731866871,-22.287591117022,428.62490978573
1.4099999999999,406.73427094358,-24.220807123003,430.95507806658
1.4199999999999,407.06006260984,-25.765870562766,432.8259331726
1.4299999999999,407.31945165376,-26.889583405651,434.20903505941
1.4399999999999,407.51824327063,-27.565588470769,435.0838317414
1.4499999999999,407.66319831337,-27.775774468988,435.43897278236
1.4599999999999,407.76192666984,-27.510761612707,435.27268828255
1.4699999999999,407.82276725034,-26.769496867623,434.59226411797
1.4799999999999,407.85465647805,-25.558619850974,433.41327632903
1.4899999999999,407.86698735626,-23.891571544952,431.75855890121
1.4999999999999,407.86946133513,-21.787891752292,429.65735308742
1.5099999999999,407.871935314,-19.273454595204,427.1453899092
1.5199999999999,407.88426619221,-16.381721838187,424.26598803039
1.5299999999999,407.91615541991,-13.154687471297,421.07084289121
1.5399999999999,407.97699600042,-9.6430842851776,417.6200802856
1.5499999999999,408.07572435689,-5.9059766063305,413.98170096322
1.5599999999999,408.22067939963,-2.0090806674372,410.22976006707
1.5699999999999,408.4194710165,1.9776493898641,406.44182162664
1.5799999999999,408.67886006042,5.9825857587222,402.69627430169
1.5899999999999,409.00465172667,9.9344783140166,399.07017341266
1.5999999999999,409.40160400154,13.763418390061,395.63818561148
1.6099999999999,409.87335262599,17.401394754782,392.47195787121
1.6199999999999,410.42235375788,20.782778952417,389.63957480546
1.6299999999999,411.04984523685,23.845195913766,387.20464932309
1.6399999999999,411.75582706292,26.530814664252,385.22501239867
1.6499999999999,412.53906139643,28.787893860291,383.75116753613
1.6599999999999,413.39709207951,30.572719957506,382.824372122
1.6699999999999,414.3262833712,31.850847187256,382.47543618395
1.6799999999999,415.32187728524,32.597061986515,382.72481529872
1.6899999999999,416.37806862632,32.794655170417,383.5834134559
1.6999999999999,417.48809654153,32.434770969725,385.05332557181
1.7099999999999,418.64435114302,31.516027985065,387.12832315795
1.7199999999999,419.83849352047,30.044455170528,389.79403834994
1.7299999999999,421.06158725071,28.034557974867,393.02702927584
1.7399999999999,422.30423933045,25.510859638431,396.79337969202
1.7499999999999,423.55674830954,22.508853572323,401.04789473722
1.7599999999999,424.80925728863,19.075242960981,405.73401432765
1.7699999999999,426.05190936837,15.266814060606,410.78509530776
1.7799999999999,427.27500309861,11.148418492892,416.12658460572
1.7899999999999,428.46914547606,6.7910519150233,421.67809356104
1.7999999999999,429.62540007755,2.2699701020159,427.35542997553
1.8099999999999,430.73542799276,-2.3370684829305,433.07249647569
1.8199999999999,431.79161933384,-6.950531895433,438.74215122928
1.8299999999999,432.78721324788,-11.489307016401,444.27652026428
1.8399999999999,433.71640453958,-15.872158805972,449.58856334555
1.8499999999999,434.57443522266,-20.019664852667,454.59410007533
1.8599999999999,435.35766955616,-23.856077665743,459.21374722191
1.8699999999999,436.06365138223,-27.311727553382,463.37537893561
1.8799999999999,436.69114286121,-30.324943473459,467.01608633467
1.8899999999999,437.24014399309,-32.84275286036,470.08289685345
1.8999999999999,437.71189261754,-34.820811184583,472.53270380213
1.9099999999999,438.10884489242,-36.22293364655,474.33177853897
1.9199999999999,438.43463655867,-37.02025598197,475.45489254064
1.9299999999999,438.69402560259,-37.191574484982,475.88560008757
1.9399999999999,438.89281721946,-36.724819395338,475.6176366148
1.9499999999999,439.03777226221,-35.618169093074,474.65594135528
1.9599999999999,439.13650061867,-33.881518059044,473.01801867772
1.9699999999999,439.19734119918,-31.537765827356,470.73510702653
1.9799999999999,439.22923042689,-28.622528715046,467.85175914193
1.9899999999999,439.2415613051,-25.182620566497,464.42418187159
1.9999999999999,439.24403528396,-21.274607867071,460.51864315104
2.0099999999999,439.24650926283,-16.963427271383,456.20993653421
2.0199999999999,439.25884014104,-12.320990372419,451.57983051346
2.0299999999999,439.29072936875,-7.4256113612228,446.71634072997
2.0399999999999,439.35156994925,-2.3614145747015,441.71298452395
2.0499999999999,439.45029830572,2.7828077767834,436.66749052894
2.0599999999999,439.59525334846,7.9152747764577,431.67997857201
2.0699999999999,439.79404496534,12.943786432584,426.85025853275
2.0799999999999,440.05343400925,17.778707513019,422.27472649623
2.0899999999999,440.37922567551,22.335394609463,418.04383106605
2.0999999999999,440.77617795038,26.535573791644,414.24060415874
2.1099999999999,441.24792657483,30.308050067677,410.93987650715
2.1199999999999,441.79692770671,33.588643501854,408.20828420486
2.1299999999999,442.42441918569,36.319709689541,406.10470949615
2.1399999999999,443.13040101176,38.450339379942,404.68006163182
2.1499999999999,443.91363534526,39.937547183265,403.976088162
2.1599999999999,444.77166602834,40.748091932286,404.02357409606
2.1699999999999,445.70085732004,40.860191133263,404.84066618678
2.1799999999999,446.69645123408,40.264972182125,406.43147905195
2.1899999999999,447.75264257516,38.967165686716,408.78547688844
2.1999999999999,448.86267049037,36.984596959035,411.87807353133
2.2099999999999,450.01892509185,34.347193246504,415.67173184535
2.2199999999999,451.21306746931,31.096031904504,420.1170355648
2.2299999999999,452.43616119955,27.282718853286,425.15344234626
2.2399999999999,453.67881327929,22.969186899294,430.70962638
2.2499999999999,454.93132225838,18.227596254211,436.70372600417
2.2599999999999,456.18383123747,13.139632555377,443.04419868209
2.2699999999999,457.42648331721,7.7949909304633,449.63149238675
2.2799999999999,458.64957704746,2.2891439876838,456.36043305977
2.2899999999999,459.84371942491,-3.2798653447538,463.12358476966
2.2999999999999,460.99997402639,-8.8145928075165,469.81456683391
2.3099999999999,462.1100019416,-14.220116493445,476.33011843505
2.3199999999999,463.16619328269,-19.405267345505,482.57146062819
2.3299999999999,464.16178719672,-24.283311425126,488.44509862185
2.3399999999999,465.09097848842,-28.771822735621,493.86280122404
2.3499999999999,465.94900917151,-32.792904154875,498.74191332638
2.3599999999999,466.73224350501,-36.274473080035,503.00671658504
2.3699999999999,467.43822533108,-39.15203651405,506.59026184513
2.3799999999999,468.06571681006,-41.370794573963,509.43651138402
2.3899999999999,468.61471794194,-42.88766034118,511.50237828312
2.3999999999999,469.0864665664,-43.6721946537,512.75866122009
2.4099999999999,469.48341884127,-43.706796707474,513.19021554874
2.4199999999999,469.80921050753,-42.986738123737,512.79594863126
2.4299999999999,470.06859955144,-41.519632999776,511.58823255122
2.4399999999999,470.26739116832,-39.325031006461,509.59242217478
2.4499999999999,470.41234621106,-36.43528106228,506.84762727334
2.4599999999999,470.51107456753,-32.896284517083,503.40735908461
2.4699999999999,470.57191514803,-28.767235403436,499.33915055147
2.4799999999999,470.60380437574,-24.12000930292,494.72381367866
2.4899999999999,470.61613525395,-19.03747403009,489.65360928404
2.4999999999999,470.61860923282,-13.610530789811,484.22914002263
2.5099999999999,470.62108321169,-7.9350620268593,478.55614523855
2.5199999999999,470.6334140899,-2.1093172082626,472.74273129816
2.5299999999999,470.66530331761,3.7680063252319,466.89729699237
2.5399999999999,470.72614389811,9.5984787154157,461.12766518269
2.5499999999999,470.82487225458,15.284205732816,455.54066652176
2.5599999999999,470.96982729732,20.728729021497,450.24109827583
2.5699999999999,471.16861891419,25.838225041491,445.3303938727
2.5799999999999,471.42800795811,30.522917850327,440.90509010778
2.5899999999999,471.75379962437,34.699634636845,437.05416498752
2.5999999999999,472.15075189924,38.294324149177,433.85642775006
2.6099999999999,472.62250052369,41.243249397642,431.37925112605
2.6199999999999,473.17150165557,43.493696888234,429.67780476734
2.6299999999999,473.79899313455,45.004250690375,428.79474244417
2.6399999999999,474.50497496062,45.744970195488,428.76000476513
2.6499999999999,475.28820929412,45.697796237089,429.59041305703
2.6599999999999,476.1462399772,44.857521681575,431.28871829563
2.6699999999999,477.0754312689,43.233267278717,433.84216399018
2.6799999999999,478.07102518294,40.849600823755,437.22142435918
2.6899999999999,479.12721652402,37.747062090295,441.38015443372
2.6999999999999,480.23724443923,33.981047762262,446.25619667697
2.7099999999999,481.39349904071,29.619555452248,451.77394358846
2.7199999999999,482.58764141816,24.740796636478,457.84684478168
2.7299999999999,483.81073514841,19.430627420111,464.3801077283
2.7399999999999,485.05338722815,13.780400648613,471.27298657954
2.7499999999999,486.30589620724,7.8855860795242,478.42031012771
2.7599999999999,487.55840518633,1.8454525576436,485.71295262868
2.7699999999999,488.80105726607,-4.2375166694363,493.03857393551
2.7799999999999,490.02415099632,-10.259289458647,500.28344045496
2.7899999999999,491.21829337377,-16.116058799646,507.33435217341
2.7999999999999,492.37454797525,-21.706474340696,514.08102231595
2.8099999999999,493.48457589046,-26.934194604217,520.41877049468
2.8199999999999,494.54076723155,-31.709807664166,526.25057489571
2.8299999999999,495.53636114558,-35.951832723123,531.48819386871
2.8399999999999,496.46555243728,-39.58723403945,536.05278647673
2.8499999999999,497.32358312036,-42.551738850339,539.8753219707
2.8599999999999,498.10681745387,-44.790391263699,542.89720871757
2.8699999999999,498.81279927994,-46.259303341314,545.07210262125
2.8799999999999,499.44029075892,-46.927748697955,546.36803945687
2.8899999999999,499.9892918908,-46.779786079596,546.7690779704
2.8999999999999,500.46104051525,-45.815902911126,546.27694342638
2.9099999999999,500.85799279013,-44.05360237496,544.91159516509
2.9199999999999,501.18378445638,-41.526022621368,542.70980707775
2.9299999999999,501.4431735003,-38.279947768966,539.72312126927
2.9399999999999,501.64196511717,-34.374051563699,536.01601668087
2.9499999999999,501.78692015992,-29.877011919008,531.66393207893
2.9599999999999,501.88564851639,-24.866207931737,526.75185644812
2.9699999999999,501.94648909689,-19.427275195333,521.37376429222
2.9799999999999,501.9783783246,-13.653359271667,515.63173759627
2.9899999999999,501.99070920281,-7.6439132675629,509.63462247037
2.9999999999999,501.99318318168,-1.5030243443679,503.49620752605
3.0099999999999,501.99565716054,4.6632371874329,497.33241997311
3.0199999999999,502.00798803876,10.749511736057,491.2584763027
3.0299999999999,502.03987726646,16.652926252737,485.38695101373
3.0399999999999,502.10071784697,22.274479847074,479.82623799989
3.0499999999999,502.19944620344,27.519967742467,474.67947846097
3.0599999999999,502.34440124618,32.300080927051,470.04432031913
3.0699999999999,502.54319286305,36.531050613408,466.01214224964
3.0799999999999,502.80258190697,40.136466391884,462.66611551508
3.0899999999999,503.12837357322,43.049509746488,460.07886382673
3.0999999999999,503.52532584809,45.215518003788,458.3098078443
3.1099999999999,503.99707447254,46.594463414728,457.40261105782
3.1199999999999,504.54607560443,47.162299003375,457.38377660105
3.1299999999999,505.1735670834,46.911075470304,458.2624916131
3.1399999999999,505.87954890947,45.84824713962,460.03130176985
3.1499999999999,506.66278324298,43.995246122955,462.66753712002
3.1599999999999,507.52081392606,41.386211377185,466.13460254887
3.1699999999999,508.45000521775,38.06753027115,470.3824749466
3.1799999999999,509.44559913179,34.097472162391,475.3481269694
3.1899999999999,510.50179047287,29.545635146781,480.95615532609
3.1999999999999,511.61181838808,24.492277411991,487.11954097609
3.2099999999999,512.76807298957,19.026818691611,493.74125429796
3.2199999999999,513.96221536702,13.245301424893,500.71691394212
3.2299999999999,515.18530909726,7.2476647422391,507.93764435502
3.2399999999999,516.42796117701,1.1356661398796,515.29229503713
3.2499999999999,517.68047015609,-4.9885688988397,522.66903905493
3.2599999999999,518.93297913518,-11.023410274636,529.95638940982
3.2699999999999,520.17563121492,-16.868000905737,537.04363212066
3.2799999999999,521.39872494517,-22.422749267538,543.82147421271
3.2899999999999,522.59286732262,-27.590578858278,550.1834461809
3.2999999999999,523.74912192411,-32.279241736718,556.02836366082
3.3099999999999,524.85914983932,-36.404244335478,561.26339417479
3.3199999999999,525.9153411804,-39.891728871634,565.80707005203
3.3299999999999,526.91093509444,-42.680693566296,569.59162866073
3.3399999999999,527.84012638613,-44.723986567028,572.56411295316
3.3499999999999,528.69815706922,-45.988757340547,574.68691440976
3.3599999999999,529.48139140272,-46.456153921703,575.93754532442
3.3699999999999,530.18737322879,-46.120550305004,576.30792353379
3.3799999999999,530.81486470777,-44.989606083603,575.80447079137
3.3899999999999,531.36386583965,-43.084915639388,574.44878147904
3.3999999999999,531.8356144641,-40.44218550894,572.27779997304
3.4099999999999,532.23256673897,-37.110664240123,569.3432309791
3.4199999999999,532.55835840523,-33.152332696006,565.71069110124
3.4299999999999,532.81774744915,-28.639972832344,561.45772028149
3.4399999999999,533.01653906602,-23.65439907419,556.67093814021
3.4499999999999,533.16149410876,-18.282296210395,551.44379031916
3.4599999999999,533.26022246523,-12.614517488219,545.87473995345
3.4699999999999,533.32106304573,-6.7452414839448,540.06630452968
3.4799999999999,533.35295227344,-0.77203737165223,534.12498964509
3.4899999999999,533.36528315165,5.2044372329163,528.16084591873
3.4999999999999,533.36775713052,11.081716130179,522.28604100034
3.5099999999999,533.37023110938,16.757035614142,516.61319549524
3.5199999999999,533.38256198759,22.129728715919,511.25283327167
3.5299999999999,533.4144512153,27.104815705971,506.30963550933
3.5399999999999,533.4752917958,31.595595449792,501.87969634601
3.5499999999999,533.57402015227,35.525042684255,498.04897746802
3.5599999999999,533.71897519501,38.826942896589,494.89203229842
3.5699999999999,533.91776681188,41.446496447962,492.47127036392
3.5799999999999,534.1771558558,43.340455824602,490.8367000312
3.5899999999999,534.50294752205,44.477802922756,490.0251445993
3.5999999999999,534.89989979692,44.840959174627,490.0589406223
3.6099999999999,535.37164842137,44.426675090371,490.944973331
3.6199999999999,535.92064955326,43.246912915337,492.67373663792
3.6299999999999,536.54814103223,41.328606359895,495.21953467234
3.6399999999999,537.2541228583,38.71180001319,498.54232284511
3.6499999999999,538.0373571918,35.447733021344,502.58962417046
3.6599999999999,538.89538787488,31.596905791396,507.29848208349
3.6699999999999,539.82457916658,27.227172146985,512.59740701959
3.6799999999999,540.82017308062,22.41269683131,518.40747624931
3.6899999999999,541.8763644217,17.234088053701,524.642276368
3.6999999999999,542.98639233691,11.778631293134,531.20776104377
3.7099999999999,544.14264693839,6.13959945013,538.00304748826
3.7199999999999,545.33678931584,0.41497913895444,544.92181017689
3.7299999999999,546.55988304609,-5.2946821332023,551.85456517929
3.7399999999999,547.80253512583,-10.889019534383,558.69155466021
3.7499999999999,549.05504410492,-16.270412328794,565.32545643371
3.7599999999999,550.307553084,-21.346218315971,571.65377139997
3.7699999999999,551.55020516375,-26.030029710954,577.5802348747
3.7799999999999,552.77329889399,-30.242339820221,583.01563871421
3.7899999999999,553.96744127144,-33.911373811058,587.8788150825
3.7999999999999,555.12369587293,-36.974381239963,592.09807711289
3.8099999999999,556.23372378814,-39.379455084815,595.61317887295
3.8199999999999,557.28991512922,-41.087265768595,598.37718089781
3.8299999999999,558.28550904326,-42.072610942515,600.35811998577
3.8399999999999,559.21470033495,-42.325295848899,601.53999618385
3.8499999999999,560.07273101804,-41.849503882963,601.922234901
3.8599999999999,560.85596535154,-40.662147531837,601.51811288338
3.8699999999999,561.56194717761,-38.791049083855,600.35299626146
3.8799999999999,562.18943865659,-36.273478344343,598.46291700093
3.8899999999999,562.73843978847,-33.155273619507,595.89371340798
3.8999999999999,563.21018841292,-29.490686434018,592.70087484694
3.9099999999999,563.60714068779,-25.342815663063,588.94995635085
3.9199999999999,563.93293235405,-20.783568098457,584.71650045251
3.9299999999999,564.19232139797,-15.892981225817,580.08530262378
3.9399999999999,564.39111301484,-10.757630664971,575.14874367981
3.9499999999999,564.53606805758,-5.4681148380995,570.00418289568
3.9599999999999,564.63479641405,-0.11691933467921,564.75171574873
3.9699999999999,564.69563699455,5.2033577048599,559.49227928969
3.9799999999999,564.72752622226,10.401555714874,554.32597050738
3.9899999999999,564.73985710047,15.388762158792,549.35109494168
3.9999999999999,564.74233107933,20.078835384863,544.66349569447
4.0099999999999,564.7448050582,24.389952708349,540.35485234985
4.0199999999999,564.75713593641,28.246876372699,536.51025956371
4.0299999999999,564.78902516412,31.583138153376,533.20588701074
4.0399999999999,564.84986574462,34.343482462414,530.50638328221
4.0499999999999,564.94859410109,36.485693855014,528.46290024607
4.0599999999999,565.09354914383,37.980817320379,527.11273182345
4.0699999999999,565.2923407607,38.81248543029,526.47985533041
4.0799999999999,565.55172980462,38.975798835469,526.57593096915
4.0899999999999,565.87752147087,38.475732222549,527.40178924832
4.0999999999999,566.27447374574,37.326466314477,528.94800743126
4.1099999999999,566.74622237019,35.551780457905,531.19444191228
4.1199999999999,567.29522350207,33.185169136447,534.11005436562
4.1299999999999,567.92271498105,30.270115138076,537.65259984297
4.1399999999999,568.62869680712,26.860297544001,541.76839926312
4.1499999999999,569.41193114062,23.01838718623,546.39354395439
4.1599999999999,570.2699618237,18.813915560353,551.45604626335
4.1699999999999,571.19915311539,14.321616714894,556.8775364005
4.1799999999999,572.19474702943,9.6200599428217,562.57468708661
4.1899999999999,573.25093837051,4.7903380999555,568.46060027055
4.1999999999999,574.36096628572,-0.084327470082485,574.4452937558
4.2099999999999,575.5172208872,-4.9190043666875,580.43622525389
4.2199999999999,576.71136326465,-9.6282606204174,586.33962388507
4.2299999999999,577.9344569949,-14.12793032989,592.06238732479
4.2399999999999,579.17710907464,-18.337830373345,597.51493944798
4.2499999999999,580.42961805373,-22.184798896548,602.61441695027
4.2599999999999,581.68212703281,-25.604966256173,607.28709328898
4.2699999999999,582.92477911255,-28.544830860558,611.46960997311
4.2799999999999,584.1478728428,-30.961703994744,615.10957683754
4.2899999999999,585.34201522025,-32.823222738433,618.16523795868
4.2999999999999,586.49826982173,-34.106100242937,620.60437006467
4.3099999999999,587.60829773694,-34.795677909422,622.40397564637
4.3199999999999,588.66448907803,-34.886308927568,623.55079800559
4.3299999999999,589.66008299206,-34.382073346893,624.04215633896
4.3399999999999,590.58927428376,-33.297236490627,623.88651077439
4.3499999999999,591.44730496684,-31.656376513638,623.10368148048
4.3599999999999,592.23053930034,-29.493971470058,621.7245107704
4.3699999999999,592.93652112642,-26.852985895455,619.78950702187
4.3799999999999,593.56401260539,-23.783269953415,617.34728255881
4.3899999999999,594.11301373728,-20.340262542788,614.45327628006
4.3999999999999,594.58476236173,-16.584363506538,611.16912586826
4.4099999999999,594.9817146366,-12.581060840407,607.56277547701
4.4199999999999,595.30750630286,-8.4009501921752,603.70845649503
4.4299999999999,595.56689534677,-4.1191043231015,599.68599966987
4.4399999999999,595.76568696364,0.18634300767428,595.57934395597
4.4499999999999,595.91064200639,4.4362029780327,591.47443902835
4.4599999999999,596.00937036286,8.5532099667251,587.45616039613
4.4699999999999,596.07021094336,12.46520607726,583.6050048661
4.4799999999999,596.10210017107,16.106737097432,579.99536307363
4.4899999999999,596.11443104928,19.419746735918,576.69468431336
4.4999999999999,596.11690502814,22.353888297196,573.76301673095
4.5099999999999,596.11937900701,24.866137771107,571.2532412359
4.5199999999999,596.13170988522,26.920461813398,569.21124807182
4.5299999999999,596.16359911292,28.488253736591,567.67534537633
4.5399999999999,596.22443969343,29.549212152172,566.67522754126
4.5499999999999,596.3231680499,30.092249582506,566.23091846739
4.5599999999999,596.46812309264,30.116205249642,566.351917843
4.5699999999999,596.66691470951,29.629405560003,567.0375091495
4.5799999999999,596.92630375342,28.648364319377,568.27793943405
4.5899999999999,597.25209541968,27.19684392773,570.05525149195
4.5999999999999,597.64904769455,25.304863831857,572.34418386269
4.6099999999999,598.120796319,23.007836509043,575.11295980995
4.6199999999999,598.66979745088,20.347062543987,578.32273490689
4.6299999999999,599.29728892985,17.370648122846,581.92664080701
4.6399999999999,600.00327075592,14.133561244663,585.86970951126
4.6499999999999,600.78650508942,10.696984581939,590.08952050748
4.6599999999999,601.64453577251,7.126796035265,594.51773973724
4.6699999999999,602.5737270642,3.4909705072454,599.08275655695
4.6799999999999,603.56932097824,-0.14300334116751,603.7123243194
4.6899999999999,604.62551231932,-3.7102315357029,608.33574385502
4.6999999999999,605.73554023453,-7.1500078371689,612.88554807169
4.7099999999999,606.89179483601,-10.406104139347,617.29789897536
4.7199999999999,608.08593721346,-13.42652863446,621.51246584792
4.7299999999999,609.3090309437,-16.16390161522,625.47293255892
4.7399999999999,610.55168302345,-18.576237144221,629.12792016767
4.7499999999999,611.80419200253,-20.627673751679,632.43186575421
4.7599999999999,613.05670098162,-22.289754124684,635.3464551063
4.7699999999999,614.29935306136,-23.542582942112,637.84193600347
4.7799999999999,615.52244679161,-24.374580798715,639.89702759032
4.7899999999999,616.71658916906,-24.781711858896,641.49830102795
4.7999999999999,617.87284377054,-24.766336737671,642.63918050821
4.8099999999999,618.98287168575,-24.336019088961,643.31889077471
4.8199999999999,620.03906302683,-23.503205949767,643.5422689766
4.8299999999999,621.03465694087,-22.285686189018,643.32034312989
4.8399999999999,621.96384823257,-20.707544458713,642.67139269128
4.8499999999999,622.82187891565,-18.800014157891,641.62189307354
4.8599999999999,623.60511324915,-16.601916135044,640.2070293842
4.8699999999999,624.31109507522,-14.158792402745,638.46988747797
4.8799999999999,624.9385865542,-11.520841233496,636.4594277877
4.8899999999999,625.48758768608,-8.7409308935244,634.22851857961
4.8999999999999,625.95933631053,-5.8726282119795,631.83196452251
4.9099999999999,626.35628858541,-2.9686496352537,629.32493822066
4.9199999999999,626.68208025166,-0.080205399911051,626.76228565157
4.9299999999999,626.94146929558,2.7429992249217,624.19847007066
4.9399999999999,627.14026091245,5.4529583481735,621.68730256428
4.9499999999999,627.28521595519,8.0043830983519,619.28083285684
4.9599999999999,627.38394431166,10.355892974451,617.02805133721
4.9699999999999,627.44478489217,12.471350551227,614.97343434094
4.9799999999999,627.47667411987,14.321235235605,613.15543888427
4.9899999999999,627.48900499808,15.883045863727,611.60595913436
4.9999999999999,627.49147897695,17.140597526864,610.35088145008
